0, 8, 100, 1, 1, 0, 100, 0m0.022
1, 8, 100, 1, 1, 0, 100, 0m0.023
2, 8, 100, 1, 1, 0, 100, 0m0.024
3, 8, 100, 1, 1, 0, 100, 0m0.024
4, 8, 100, 1, 1, 1, 85, 0m0.021
5, 8, 100, 1, 1, 1, 34, 0m0.009
6, 8, 100, 1, 1, 1, 48, 0m0.012
7, 8, 100, 1, 1, 0, 100, 0m0.024
8, 8, 100, 1, 1, 0, 100, 0m0.030
9, 8, 100, 1, 1, 0, 100, 0m0.024
10, 8, 100, 1, 1, 0, 100, 0m0.026
0, 8, 100, 1, 2, 0, 100, 0m0.017
1, 8, 100, 1, 2, 1, 56, 0m0.010
2, 8, 100, 1, 2, 1, 40, 0m0.009
3, 8, 100, 1, 2, 1, 61, 0m0.011
4, 8, 100, 1, 2, 1, 22, 0m0.005
5, 8, 100, 1, 2, 0, 100, 0m0.018
6, 8, 100, 1, 2, 0, 100, 0m0.017
7, 8, 100, 1, 2, 0, 100, 0m0.015
8, 8, 100, 1, 2, 0, 100, 0m0.017
9, 8, 100, 1, 2, 1, 10, 0m0.003
10, 8, 100, 1, 2, 1, 36, 0m0.007
0, 8, 100, 1, 5, 1, 20, 0m0.004
1, 8, 100, 1, 5, 1, 65, 0m0.009
2, 8, 100, 1, 5, 0, 100, 0m0.013
3, 8, 100, 1, 5, 0, 100, 0m0.013
4, 8, 100, 1, 5, 0, 100, 0m0.014
5, 8, 100, 1, 5, 1, 20, 0m0.004
6, 8, 100, 1, 5, 0, 100, 0m0.013
7, 8, 100, 1, 5, 1, 65, 0m0.010
8, 8, 100, 1, 5, 1, 99, 0m0.013
9, 8, 100, 1, 5, 0, 100, 0m0.013
10, 8, 100, 1, 5, 0, 100, 0m0.013
0, 8, 100, 1, 10, 1, 16, 0m0.003
1, 8, 100, 1, 10, 1, 21, 0m0.004
2, 8, 100, 1, 10, 1, 31, 0m0.005
3, 8, 100, 1, 10, 1, 56, 0m0.008
4, 8, 100, 1, 10, 0, 100, 0m0.014
5, 8, 100, 1, 10, 0, 100, 0m0.013
6, 8, 100, 1, 10, 1, 15, 0m0.003
7, 8, 100, 1, 10, 0, 100, 0m0.016
8, 8, 100, 1, 10, 1, 34, 0m0.005
9, 8, 100, 1, 10, 0, 100, 0m0.014
10, 8, 100, 1, 10, 0, 100, 0m0.014
0, 8, 100, 2, 1, 0, 100, 0m0.039
1, 8, 100, 2, 1, 1, 30, 0m0.012
2, 8, 100, 2, 1, 0, 100, 0m0.042
3, 8, 100, 2, 1, 1, 11, 0m0.005
4, 8, 100, 2, 1, 1, 11, 0m0.006
5, 8, 100, 2, 1, 1, 22, 0m0.010
6, 8, 100, 2, 1, 1, 23, 0m0.009
7, 8, 100, 2, 1, 0, 100, 0m0.037
8, 8, 100, 2, 1, 0, 100, 0m0.035
9, 8, 100, 2, 1, 1, 56, 0m0.028
10, 8, 100, 2, 1, 0, 100, 0m0.034
0, 8, 100, 2, 2, 1, 6, 0m0.003
1, 8, 100, 2, 2, 0, 100, 0m0.029
2, 8, 100, 2, 2, 0, 100, 0m0.029
3, 8, 100, 2, 2, 1, 18, 0m0.007
4, 8, 100, 2, 2, 0, 100, 0m0.034
5, 8, 100, 2, 2, 0, 100, 0m0.029
6, 8, 100, 2, 2, 1, 28, 0m0.010
7, 8, 100, 2, 2, 1, 46, 0m0.014
8, 8, 100, 2, 2, 0, 100, 0m0.029
9, 8, 100, 2, 2, 0, 100, 0m0.029
10, 8, 100, 2, 2, 0, 100, 0m0.029
0, 8, 100, 2, 5, 1, 24, 0m0.008
1, 8, 100, 2, 5, 0, 100, 0m0.032
2, 8, 100, 2, 5, 1, 12, 0m0.005
3, 8, 100, 2, 5, 0, 100, 0m0.027
4, 8, 100, 2, 5, 0, 100, 0m0.030
5, 8, 100, 2, 5, 1, 71, 0m0.019
6, 8, 100, 2, 5, 0, 100, 0m0.027
7, 8, 100, 2, 5, 0, 100, 0m0.026
8, 8, 100, 2, 5, 1, 2, 0m0.002
9, 8, 100, 2, 5, 1, 15, 0m0.005
10, 8, 100, 2, 5, 1, 9, 0m0.004
0, 8, 100, 2, 10, 0, 100, 0m0.028
1, 8, 100, 2, 10, 1, 15, 0m0.007
2, 8, 100, 2, 10, 0, 100, 0m0.032
3, 8, 100, 2, 10, 1, 16, 0m0.009
4, 8, 100, 2, 10, 0, 100, 0m0.036
5, 8, 100, 2, 10, 0, 100, 0m0.030
6, 8, 100, 2, 10, 0, 100, 0m0.030
7, 8, 100, 2, 10, 1, 24, 0m0.009
8, 8, 100, 2, 10, 1, 18, 0m0.006
9, 8, 100, 2, 10, 1, 4, 0m0.003
10, 8, 100, 2, 10, 1, 11, 0m0.004
0, 8, 100, 3, 1, 1, 9, 0m0.070
1, 8, 100, 3, 1, 1, 25, 0m0.019
2, 8, 100, 3, 1, 1, 9, 0m0.007
3, 8, 100, 3, 1, 1, 51, 0m0.033
4, 8, 100, 3, 1, 1, 17, 0m0.012
5, 8, 100, 3, 1, 1, 12, 0m0.009
6, 8, 100, 3, 1, 1, 33, 0m0.022
7, 8, 100, 3, 1, 0, 100, 0m0.059
8, 8, 100, 3, 1, 0, 100, 0m0.059
9, 8, 100, 3, 1, 1, 25, 0m0.019
10, 8, 100, 3, 1, 1, 15, 0m0.011
0, 8, 100, 3, 2, 1, 25, 0m0.014
1, 8, 100, 3, 2, 1, 22, 0m0.014
2, 8, 100, 3, 2, 0, 100, 0m0.051
3, 8, 100, 3, 2, 0, 100, 0m0.043
4, 8, 100, 3, 2, 1, 14, 0m0.008
5, 8, 100, 3, 2, 1, 19, 0m0.009
6, 8, 100, 3, 2, 1, 75, 0m0.038
7, 8, 100, 3, 2, 1, 12, 0m0.008
8, 8, 100, 3, 2, 1, 20, 0m0.013
9, 8, 100, 3, 2, 1, 15, 0m0.008
10, 8, 100, 3, 2, 0, 100, 0m0.044
0, 8, 100, 3, 5, 0, 100, 0m0.043
1, 8, 100, 3, 5, 0, 100, 0m0.043
2, 8, 100, 3, 5, 1, 12, 0m0.007
3, 8, 100, 3, 5, 1, 38, 0m0.023
4, 8, 100, 3, 5, 1, 29, 0m0.015
5, 8, 100, 3, 5, 1, 20, 0m0.012
6, 8, 100, 3, 5, 1, 17, 0m0.010
7, 8, 100, 3, 5, 1, 26, 0m0.014
8, 8, 100, 3, 5, 1, 14, 0m0.008
9, 8, 100, 3, 5, 1, 8, 0m0.011
10, 8, 100, 3, 5, 1, 40, 0m0.022
0, 8, 100, 3, 10, 1, 19, 0m0.013
1, 8, 100, 3, 10, 1, 8, 0m0.009
2, 8, 100, 3, 10, 0, 100, 0m0.063
3, 8, 100, 3, 10, 1, 24, 0m0.018
4, 8, 100, 3, 10, 1, 31, 0m0.026
5, 8, 100, 3, 10, 1, 61, 0m0.037
6, 8, 100, 3, 10, 0, 100, 0m0.047
7, 8, 100, 3, 10, 1, 32, 0m0.021
8, 8, 100, 3, 10, 1, 29, 0m0.016
9, 8, 100, 3, 10, 1, 25, 0m0.015
10, 8, 100, 3, 10, 1, 6, 0m0.006
0, 16, 100, 1, 1, 0, 100, 0m0.043
1, 16, 100, 1, 1, 0, 100, 0m0.047
2, 16, 100, 1, 1, 0, 100, 0m0.059
3, 16, 100, 1, 1, 0, 100, 0m0.043
4, 16, 100, 1, 1, 0, 100, 0m0.042
5, 16, 100, 1, 1, 0, 100, 0m0.043
6, 16, 100, 1, 1, 0, 100, 0m0.042
7, 16, 100, 1, 1, 0, 100, 0m0.042
8, 16, 100, 1, 1, 0, 100, 0m0.052
9, 16, 100, 1, 1, 0, 100, 0m0.043
10, 16, 100, 1, 1, 0, 100, 0m0.043
0, 16, 100, 1, 2, 0, 100, 0m0.033
1, 16, 100, 1, 2, 0, 100, 0m0.028
2, 16, 100, 1, 2, 0, 100, 0m0.032
3, 16, 100, 1, 2, 0, 100, 0m0.029
4, 16, 100, 1, 2, 0, 100, 0m0.028
5, 16, 100, 1, 2, 0, 100, 0m0.032
6, 16, 100, 1, 2, 0, 100, 0m0.027
7, 16, 100, 1, 2, 0, 100, 0m0.029
8, 16, 100, 1, 2, 0, 100, 0m0.030
9, 16, 100, 1, 2, 0, 100, 0m0.027
10, 16, 100, 1, 2, 0, 100, 0m0.028
0, 16, 100, 1, 5, 0, 100, 0m0.020
1, 16, 100, 1, 5, 0, 100, 0m0.021
2, 16, 100, 1, 5, 0, 100, 0m0.022
3, 16, 100, 1, 5, 0, 100, 0m0.020
4, 16, 100, 1, 5, 0, 100, 0m0.022
5, 16, 100, 1, 5, 0, 100, 0m0.025
6, 16, 100, 1, 5, 0, 100, 0m0.021
7, 16, 100, 1, 5, 0, 100, 0m0.021
8, 16, 100, 1, 5, 0, 100, 0m0.021
9, 16, 100, 1, 5, 0, 100, 0m0.022
10, 16, 100, 1, 5, 0, 100, 0m0.022
0, 16, 100, 1, 10, 0, 100, 0m0.022
1, 16, 100, 1, 10, 0, 100, 0m0.020
2, 16, 100, 1, 10, 0, 100, 0m0.022
3, 16, 100, 1, 10, 0, 100, 0m0.027
4, 16, 100, 1, 10, 0, 100, 0m0.022
5, 16, 100, 1, 10, 0, 100, 0m0.019
6, 16, 100, 1, 10, 0, 100, 0m0.024
7, 16, 100, 1, 10, 0, 100, 0m0.021
8, 16, 100, 1, 10, 0, 100, 0m0.027
9, 16, 100, 1, 10, 0, 100, 0m0.020
10, 16, 100, 1, 10, 0, 100, 0m0.023
0, 16, 100, 2, 1, 0, 100, 0m0.060
1, 16, 100, 2, 1, 1, 92, 0m0.065
2, 16, 100, 2, 1, 0, 100, 0m0.078
3, 16, 100, 2, 1, 0, 100, 0m0.066
4, 16, 100, 2, 1, 0, 100, 0m0.070
5, 16, 100, 2, 1, 0, 100, 0m0.071
6, 16, 100, 2, 1, 0, 100, 0m0.073
7, 16, 100, 2, 1, 0, 100, 0m0.065
8, 16, 100, 2, 1, 0, 100, 0m0.077
9, 16, 100, 2, 1, 0, 100, 0m0.059
10, 16, 100, 2, 1, 0, 100, 0m0.071
0, 16, 100, 2, 2, 0, 100, 0m0.049
1, 16, 100, 2, 2, 0, 100, 0m0.052
2, 16, 100, 2, 2, 0, 100, 0m0.050
3, 16, 100, 2, 2, 0, 100, 0m0.050
4, 16, 100, 2, 2, 0, 100, 0m0.049
5, 16, 100, 2, 2, 0, 100, 0m0.050
6, 16, 100, 2, 2, 0, 100, 0m0.053
7, 16, 100, 2, 2, 0, 100, 0m0.055
8, 16, 100, 2, 2, 0, 100, 0m0.049
9, 16, 100, 2, 2, 0, 100, 0m0.050
10, 16, 100, 2, 2, 0, 100, 0m0.052
0, 16, 100, 2, 5, 0, 100, 0m0.042
1, 16, 100, 2, 5, 0, 100, 0m0.047
2, 16, 100, 2, 5, 0, 100, 0m0.045
3, 16, 100, 2, 5, 0, 100, 0m0.049
4, 16, 100, 2, 5, 0, 100, 0m0.046
5, 16, 100, 2, 5, 0, 100, 0m0.046
6, 16, 100, 2, 5, 0, 100, 0m0.047
7, 16, 100, 2, 5, 0, 100, 0m0.048
8, 16, 100, 2, 5, 0, 100, 0m0.046
9, 16, 100, 2, 5, 0, 100, 0m0.049
10, 16, 100, 2, 5, 0, 100, 0m0.053
0, 16, 100, 2, 10, 0, 100, 0m0.046
1, 16, 100, 2, 10, 0, 100, 0m0.043
2, 16, 100, 2, 10, 0, 100, 0m0.044
3, 16, 100, 2, 10, 0, 100, 0m0.048
4, 16, 100, 2, 10, 0, 100, 0m0.058
5, 16, 100, 2, 10, 0, 100, 0m0.057
6, 16, 100, 2, 10, 0, 100, 0m0.041
7, 16, 100, 2, 10, 0, 100, 0m0.043
8, 16, 100, 2, 10, 0, 100, 0m0.045
9, 16, 100, 2, 10, 0, 100, 0m0.041
10, 16, 100, 2, 10, 0, 100, 0m0.044
0, 16, 100, 3, 1, 0, 100, 0m0.107
1, 16, 100, 3, 1, 0, 100, 0m0.103
2, 16, 100, 3, 1, 0, 100, 0m0.104
3, 16, 100, 3, 1, 0, 100, 0m0.100
4, 16, 100, 3, 1, 0, 100, 0m0.102
5, 16, 100, 3, 1, 0, 100, 0m0.099
6, 16, 100, 3, 1, 0, 100, 0m0.107
7, 16, 100, 3, 1, 0, 100, 0m0.105
8, 16, 100, 3, 1, 0, 100, 0m0.102
9, 16, 100, 3, 1, 0, 100, 0m0.101
10, 16, 100, 3, 1, 0, 100, 0m0.096
0, 16, 100, 3, 2, 0, 100, 0m0.077
1, 16, 100, 3, 2, 0, 100, 0m0.074
2, 16, 100, 3, 2, 0, 100, 0m0.083
3, 16, 100, 3, 2, 1, 69, 0m0.058
4, 16, 100, 3, 2, 0, 100, 0m0.076
5, 16, 100, 3, 2, 1, 92, 0m0.077
6, 16, 100, 3, 2, 0, 100, 0m0.079
7, 16, 100, 3, 2, 0, 100, 0m0.081
8, 16, 100, 3, 2, 0, 100, 0m0.077
9, 16, 100, 3, 2, 0, 100, 0m0.083
10, 16, 100, 3, 2, 0, 100, 0m0.072
0, 16, 100, 3, 5, 0, 100, 0m0.076
1, 16, 100, 3, 5, 0, 100, 0m0.081
2, 16, 100, 3, 5, 0, 100, 0m0.081
3, 16, 100, 3, 5, 0, 100, 0m0.077
4, 16, 100, 3, 5, 0, 100, 0m0.089
5, 16, 100, 3, 5, 0, 100, 0m0.077
6, 16, 100, 3, 5, 0, 100, 0m0.088
7, 16, 100, 3, 5, 0, 100, 0m0.080
8, 16, 100, 3, 5, 1, 70, 0m0.055
9, 16, 100, 3, 5, 0, 100, 0m0.079
10, 16, 100, 3, 5, 0, 100, 0m0.073
0, 16, 100, 3, 10, 0, 100, 0m0.084
1, 16, 100, 3, 10, 0, 100, 0m0.093
2, 16, 100, 3, 10, 0, 100, 0m0.079
3, 16, 100, 3, 10, 0, 100, 0m0.082
4, 16, 100, 3, 10, 0, 100, 0m0.077
5, 16, 100, 3, 10, 0, 100, 0m0.080
6, 16, 100, 3, 10, 0, 100, 0m0.077
7, 16, 100, 3, 10, 0, 100, 0m0.076
8, 16, 100, 3, 10, 0, 100, 0m0.087
9, 16, 100, 3, 10, 0, 100, 0m0.078
10, 16, 100, 3, 10, 0, 100, 0m0.076
0, 32, 100, 1, 1, 0, 100, 0m0.125
1, 32, 100, 1, 1, 0, 100, 0m0.124
2, 32, 100, 1, 1, 0, 100, 0m0.122
3, 32, 100, 1, 1, 0, 100, 0m0.125
4, 32, 100, 1, 1, 0, 100, 0m0.125
5, 32, 100, 1, 1, 0, 100, 0m0.132
6, 32, 100, 1, 1, 0, 100, 0m0.157
7, 32, 100, 1, 1, 0, 100, 0m0.122
8, 32, 100, 1, 1, 0, 100, 0m0.124
9, 32, 100, 1, 1, 0, 100, 0m0.131
10, 32, 100, 1, 1, 0, 100, 0m0.130
0, 32, 100, 1, 2, 0, 100, 0m0.092
1, 32, 100, 1, 2, 0, 100, 0m0.091
2, 32, 100, 1, 2, 0, 100, 0m0.074
3, 32, 100, 1, 2, 0, 100, 0m0.091
4, 32, 100, 1, 2, 0, 100, 0m0.080
5, 32, 100, 1, 2, 0, 100, 0m0.098
6, 32, 100, 1, 2, 0, 100, 0m0.075
7, 32, 100, 1, 2, 0, 100, 0m0.085
8, 32, 100, 1, 2, 0, 100, 0m0.099
9, 32, 100, 1, 2, 0, 100, 0m0.078
10, 32, 100, 1, 2, 0, 100, 0m0.084
0, 32, 100, 1, 5, 0, 100, 0m0.048
1, 32, 100, 1, 5, 0, 100, 0m0.055
2, 32, 100, 1, 5, 0, 100, 0m0.051
3, 32, 100, 1, 5, 0, 100, 0m0.049
4, 32, 100, 1, 5, 0, 100, 0m0.051
5, 32, 100, 1, 5, 0, 100, 0m0.051
6, 32, 100, 1, 5, 0, 100, 0m0.051
7, 32, 100, 1, 5, 0, 100, 0m0.048
8, 32, 100, 1, 5, 0, 100, 0m0.051
9, 32, 100, 1, 5, 0, 100, 0m0.051
10, 32, 100, 1, 5, 0, 100, 0m0.049
0, 32, 100, 1, 10, 0, 100, 0m0.052
1, 32, 100, 1, 10, 0, 100, 0m0.053
2, 32, 100, 1, 10, 0, 100, 0m0.046
3, 32, 100, 1, 10, 0, 100, 0m0.053
4, 32, 100, 1, 10, 0, 100, 0m0.050
5, 32, 100, 1, 10, 0, 100, 0m0.049
6, 32, 100, 1, 10, 0, 100, 0m0.052
7, 32, 100, 1, 10, 0, 100, 0m0.055
8, 32, 100, 1, 10, 0, 100, 0m0.048
9, 32, 100, 1, 10, 0, 100, 0m0.048
10, 32, 100, 1, 10, 0, 100, 0m0.055
0, 32, 100, 2, 1, 0, 100, 0m0.206
1, 32, 100, 2, 1, 0, 100, 0m0.183
2, 32, 100, 2, 1, 0, 100, 0m0.208
3, 32, 100, 2, 1, 0, 100, 0m0.221
4, 32, 100, 2, 1, 0, 100, 0m0.201
5, 32, 100, 2, 1, 0, 100, 0m0.201
6, 32, 100, 2, 1, 0, 100, 0m0.223
7, 32, 100, 2, 1, 0, 100, 0m0.220
8, 32, 100, 2, 1, 0, 100, 0m0.226
9, 32, 100, 2, 1, 0, 100, 0m0.202
10, 32, 100, 2, 1, 0, 100, 0m0.200
0, 32, 100, 2, 2, 0, 100, 0m0.126
1, 32, 100, 2, 2, 0, 100, 0m0.131
2, 32, 100, 2, 2, 0, 100, 0m0.127
3, 32, 100, 2, 2, 0, 100, 0m0.135
4, 32, 100, 2, 2, 0, 100, 0m0.127
5, 32, 100, 2, 2, 0, 100, 0m0.129
6, 32, 100, 2, 2, 0, 100, 0m0.132
7, 32, 100, 2, 2, 0, 100, 0m0.140
8, 32, 100, 2, 2, 0, 100, 0m0.126
9, 32, 100, 2, 2, 0, 100, 0m0.135
10, 32, 100, 2, 2, 0, 100, 0m0.131
0, 32, 100, 2, 5, 0, 100, 0m0.112
1, 32, 100, 2, 5, 0, 100, 0m0.116
2, 32, 100, 2, 5, 0, 100, 0m0.117
3, 32, 100, 2, 5, 0, 100, 0m0.110
4, 32, 100, 2, 5, 0, 100, 0m0.116
5, 32, 100, 2, 5, 0, 100, 0m0.112
6, 32, 100, 2, 5, 0, 100, 0m0.112
7, 32, 100, 2, 5, 0, 100, 0m0.128
8, 32, 100, 2, 5, 0, 100, 0m0.103
9, 32, 100, 2, 5, 0, 100, 0m0.102
10, 32, 100, 2, 5, 0, 100, 0m0.101
0, 32, 100, 2, 10, 0, 100, 0m0.099
1, 32, 100, 2, 10, 0, 100, 0m0.099
2, 32, 100, 2, 10, 0, 100, 0m0.104
3, 32, 100, 2, 10, 0, 100, 0m0.113
4, 32, 100, 2, 10, 0, 100, 0m0.120
5, 32, 100, 2, 10, 0, 100, 0m0.109
6, 32, 100, 2, 10, 0, 100, 0m0.117
7, 32, 100, 2, 10, 0, 100, 0m0.100
8, 32, 100, 2, 10, 0, 100, 0m0.097
9, 32, 100, 2, 10, 0, 100, 0m0.093
10, 32, 100, 2, 10, 0, 100, 0m0.101
0, 32, 100, 3, 1, 0, 100, 0m0.251
1, 32, 100, 3, 1, 0, 100, 0m0.273
2, 32, 100, 3, 1, 0, 100, 0m0.250
3, 32, 100, 3, 1, 0, 100, 0m0.223
4, 32, 100, 3, 1, 0, 100, 0m0.286
5, 32, 100, 3, 1, 0, 100, 0m0.230
6, 32, 100, 3, 1, 0, 100, 0m0.245
7, 32, 100, 3, 1, 0, 100, 0m0.238
8, 32, 100, 3, 1, 0, 100, 0m0.286
9, 32, 100, 3, 1, 0, 100, 0m0.255
10, 32, 100, 3, 1, 0, 100, 0m0.256
0, 32, 100, 3, 2, 0, 100, 0m0.168
1, 32, 100, 3, 2, 0, 100, 0m0.169
2, 32, 100, 3, 2, 0, 100, 0m0.168
3, 32, 100, 3, 2, 0, 100, 0m0.178
4, 32, 100, 3, 2, 0, 100, 0m0.165
5, 32, 100, 3, 2, 0, 100, 0m0.168
6, 32, 100, 3, 2, 0, 100, 0m0.174
7, 32, 100, 3, 2, 0, 100, 0m0.173
8, 32, 100, 3, 2, 0, 100, 0m0.168
9, 32, 100, 3, 2, 0, 100, 0m0.165
10, 32, 100, 3, 2, 0, 100, 0m0.170
0, 32, 100, 3, 5, 0, 100, 0m0.162
1, 32, 100, 3, 5, 0, 100, 0m0.167
2, 32, 100, 3, 5, 0, 100, 0m0.164
3, 32, 100, 3, 5, 0, 100, 0m0.162
4, 32, 100, 3, 5, 0, 100, 0m0.160
5, 32, 100, 3, 5, 0, 100, 0m0.175
6, 32, 100, 3, 5, 0, 100, 0m0.162
7, 32, 100, 3, 5, 0, 100, 0m0.168
8, 32, 100, 3, 5, 0, 100, 0m0.157
9, 32, 100, 3, 5, 0, 100, 0m0.172
10, 32, 100, 3, 5, 0, 100, 0m0.171
0, 32, 100, 3, 10, 0, 100, 0m0.168
1, 32, 100, 3, 10, 0, 100, 0m0.164
2, 32, 100, 3, 10, 0, 100, 0m0.158
3, 32, 100, 3, 10, 0, 100, 0m0.165
4, 32, 100, 3, 10, 0, 100, 0m0.168
5, 32, 100, 3, 10, 0, 100, 0m0.158
6, 32, 100, 3, 10, 0, 100, 0m0.162
7, 32, 100, 3, 10, 0, 100, 0m0.170
8, 32, 100, 3, 10, 0, 100, 0m0.171
9, 32, 100, 3, 10, 0, 100, 0m0.162
10, 32, 100, 3, 10, 0, 100, 0m0.160
0, 8, 1000, 1, 1, 1, 167, 0m0.039
1, 8, 1000, 1, 1, 1, 700, 0m0.147
2, 8, 1000, 1, 1, 1, 27, 0m0.008
3, 8, 1000, 1, 1, 1, 16, 0m0.005
4, 8, 1000, 1, 1, 0, 1000, 0m0.223
5, 8, 1000, 1, 1, 1, 9, 0m0.004
6, 8, 1000, 1, 1, 0, 1000, 0m0.266
7, 8, 1000, 1, 1, 0, 1000, 0m0.200
8, 8, 1000, 1, 1, 1, 533, 0m0.120
9, 8, 1000, 1, 1, 1, 128, 0m0.030
10, 8, 1000, 1, 1, 1, 15, 0m0.005
0, 8, 1000, 1, 2, 0, 1000, 0m0.135
1, 8, 1000, 1, 2, 1, 72, 0m0.016
2, 8, 1000, 1, 2, 1, 179, 0m0.026
3, 8, 1000, 1, 2, 0, 1000, 0m0.171
4, 8, 1000, 1, 2, 1, 72, 0m0.014
5, 8, 1000, 1, 2, 0, 1000, 0m0.163
6, 8, 1000, 1, 2, 1, 13, 0m0.004
7, 8, 1000, 1, 2, 1, 13, 0m0.004
8, 8, 1000, 1, 2, 0, 1000, 0m0.172
9, 8, 1000, 1, 2, 1, 362, 0m0.050
10, 8, 1000, 1, 2, 0, 1000, 0m0.131
0, 8, 1000, 1, 5, 1, 330, 0m0.042
1, 8, 1000, 1, 5, 0, 1000, 0m0.121
2, 8, 1000, 1, 5, 1, 84, 0m0.011
3, 8, 1000, 1, 5, 1, 331, 0m0.040
4, 8, 1000, 1, 5, 1, 282, 0m0.035
5, 8, 1000, 1, 5, 0, 1000, 0m0.117
6, 8, 1000, 1, 5, 1, 29, 0m0.005
7, 8, 1000, 1, 5, 0, 1000, 0m0.115
8, 8, 1000, 1, 5, 1, 24, 0m0.004
9, 8, 1000, 1, 5, 0, 1000, 0m0.118
10, 8, 1000, 1, 5, 1, 275, 0m0.031
0, 8, 1000, 1, 10, 1, 492, 0m0.057
1, 8, 1000, 1, 10, 1, 35, 0m0.005
2, 8, 1000, 1, 10, 1, 98, 0m0.013
3, 8, 1000, 1, 10, 0, 1000, 0m0.123
4, 8, 1000, 1, 10, 1, 98, 0m0.012
5, 8, 1000, 1, 10, 1, 102, 0m0.013
6, 8, 1000, 1, 10, 0, 1000, 0m0.122
7, 8, 1000, 1, 10, 1, 21, 0m0.004
8, 8, 1000, 1, 10, 1, 36, 0m0.006
9, 8, 1000, 1, 10, 0, 1000, 0m0.132
10, 8, 1000, 1, 10, 0, 1000, 0m0.131
0, 8, 1000, 2, 1, 1, 23, 0m0.010
1, 8, 1000, 2, 1, 0, 1000, 0m0.342
2, 8, 1000, 2, 1, 1, 758, 0m0.261
3, 8, 1000, 2, 1, 1, 32, 0m0.016
4, 8, 1000, 2, 1, 1, 379, 0m0.177
5, 8, 1000, 2, 1, 1, 25, 0m0.010
6, 8, 1000, 2, 1, 1, 31, 0m0.011
7, 8, 1000, 2, 1, 1, 30, 0m0.011
8, 8, 1000, 2, 1, 1, 346, 0m0.130
9, 8, 1000, 2, 1, 1, 11, 0m0.005
10, 8, 1000, 2, 1, 1, 15, 0m0.007
0, 8, 1000, 2, 2, 1, 13, 0m0.005
1, 8, 1000, 2, 2, 0, 1000, 0m0.276
2, 8, 1000, 2, 2, 1, 19, 0m0.007
3, 8, 1000, 2, 2, 1, 6, 0m0.003
4, 8, 1000, 2, 2, 1, 12, 0m0.005
5, 8, 1000, 2, 2, 1, 19, 0m0.007
6, 8, 1000, 2, 2, 1, 41, 0m0.014
7, 8, 1000, 2, 2, 1, 4, 0m0.003
8, 8, 1000, 2, 2, 1, 122, 0m0.036
9, 8, 1000, 2, 2, 1, 19, 0m0.007
10, 8, 1000, 2, 2, 1, 29, 0m0.010
0, 8, 1000, 2, 5, 1, 19, 0m0.006
1, 8, 1000, 2, 5, 1, 18, 0m0.007
2, 8, 1000, 2, 5, 1, 61, 0m0.020
3, 8, 1000, 2, 5, 1, 387, 0m0.097
4, 8, 1000, 2, 5, 1, 78, 0m0.023
5, 8, 1000, 2, 5, 1, 8, 0m0.004
6, 8, 1000, 2, 5, 1, 117, 0m0.030
7, 8, 1000, 2, 5, 1, 386, 0m0.103
8, 8, 1000, 2, 5, 1, 13, 0m0.006
9, 8, 1000, 2, 5, 0, 1000, 0m0.273
10, 8, 1000, 2, 5, 1, 847, 0m0.248
0, 8, 1000, 2, 10, 1, 23, 0m0.011
1, 8, 1000, 2, 10, 1, 857, 0m0.213
2, 8, 1000, 2, 10, 1, 16, 0m0.006
3, 8, 1000, 2, 10, 1, 40, 0m0.019
4, 8, 1000, 2, 10, 1, 71, 0m0.021
5, 8, 1000, 2, 10, 1, 69, 0m0.027
6, 8, 1000, 2, 10, 1, 16, 0m0.005
7, 8, 1000, 2, 10, 1, 122, 0m0.036
8, 8, 1000, 2, 10, 1, 27, 0m0.012
9, 8, 1000, 2, 10, 0, 1000, 0m0.247
10, 8, 1000, 2, 10, 1, 23, 0m0.012
0, 8, 1000, 3, 1, 1, 19, 0m0.013
1, 8, 1000, 3, 1, 1, 41, 0m0.026
2, 8, 1000, 3, 1, 1, 24, 0m0.020
3, 8, 1000, 3, 1, 1, 184, 0m0.099
4, 8, 1000, 3, 1, 0, 1000, 0m0.541
5, 8, 1000, 3, 1, 1, 10, 0m0.008
6, 8, 1000, 3, 1, 1, 15, 0m0.011
7, 8, 1000, 3, 1, 1, 24, 0m0.018
8, 8, 1000, 3, 1, 1, 12, 0m0.013
9, 8, 1000, 3, 1, 1, 338, 0m0.219
10, 8, 1000, 3, 1, 1, 12, 0m0.009
0, 8, 1000, 3, 2, 1, 182, 0m0.088
1, 8, 1000, 3, 2, 1, 8, 0m0.009
2, 8, 1000, 3, 2, 1, 22, 0m0.010
3, 8, 1000, 3, 2, 1, 52, 0m0.031
4, 8, 1000, 3, 2, 1, 34, 0m0.020
5, 8, 1000, 3, 2, 1, 16, 0m0.009
6, 8, 1000, 3, 2, 1, 25, 0m0.019
7, 8, 1000, 3, 2, 1, 19, 0m0.009
8, 8, 1000, 3, 2, 1, 52, 0m0.028
9, 8, 1000, 3, 2, 1, 22, 0m0.010
10, 8, 1000, 3, 2, 1, 34, 0m0.019
0, 8, 1000, 3, 5, 1, 148, 0m0.074
1, 8, 1000, 3, 5, 1, 62, 0m0.033
2, 8, 1000, 3, 5, 1, 80, 0m0.035
3, 8, 1000, 3, 5, 1, 256, 0m0.109
4, 8, 1000, 3, 5, 1, 40, 0m0.023
5, 8, 1000, 3, 5, 1, 10, 0m0.006
6, 8, 1000, 3, 5, 1, 4, 0m0.003
7, 8, 1000, 3, 5, 1, 22, 0m0.011
8, 8, 1000, 3, 5, 1, 43, 0m0.020
9, 8, 1000, 3, 5, 1, 40, 0m0.022
10, 8, 1000, 3, 5, 1, 19, 0m0.010
0, 8, 1000, 3, 10, 1, 20, 0m0.013
1, 8, 1000, 3, 10, 1, 323, 0m0.151
2, 8, 1000, 3, 10, 1, 12, 0m0.007
3, 8, 1000, 3, 10, 1, 283, 0m0.122
4, 8, 1000, 3, 10, 1, 55, 0m0.025
5, 8, 1000, 3, 10, 1, 54, 0m0.024
6, 8, 1000, 3, 10, 1, 18, 0m0.015
7, 8, 1000, 3, 10, 1, 37, 0m0.021
8, 8, 1000, 3, 10, 1, 81, 0m0.039
9, 8, 1000, 3, 10, 1, 20, 0m0.015
10, 8, 1000, 3, 10, 1, 94, 0m0.050
0, 16, 1000, 1, 1, 1, 552, 0m0.223
1, 16, 1000, 1, 1, 0, 1000, 0m0.416
2, 16, 1000, 1, 1, 1, 349, 0m0.142
3, 16, 1000, 1, 1, 0, 1000, 0m0.402
4, 16, 1000, 1, 1, 0, 1000, 0m0.403
5, 16, 1000, 1, 1, 1, 508, 0m0.206
6, 16, 1000, 1, 1, 0, 1000, 0m0.403
7, 16, 1000, 1, 1, 0, 1000, 0m0.423
8, 16, 1000, 1, 1, 0, 1000, 0m0.401
9, 16, 1000, 1, 1, 0, 1000, 0m0.399
10, 16, 1000, 1, 1, 0, 1000, 0m0.410
0, 16, 1000, 1, 2, 0, 1000, 0m0.307
1, 16, 1000, 1, 2, 1, 833, 0m0.193
2, 16, 1000, 1, 2, 0, 1000, 0m0.229
3, 16, 1000, 1, 2, 0, 1000, 0m0.263
4, 16, 1000, 1, 2, 0, 1000, 0m0.236
5, 16, 1000, 1, 2, 0, 1000, 0m0.238
6, 16, 1000, 1, 2, 0, 1000, 0m0.272
7, 16, 1000, 1, 2, 0, 1000, 0m0.251
8, 16, 1000, 1, 2, 0, 1000, 0m0.245
9, 16, 1000, 1, 2, 0, 1000, 0m0.255
10, 16, 1000, 1, 2, 0, 1000, 0m0.266
0, 16, 1000, 1, 5, 1, 756, 0m0.151
1, 16, 1000, 1, 5, 0, 1000, 0m0.190
2, 16, 1000, 1, 5, 0, 1000, 0m0.202
3, 16, 1000, 1, 5, 0, 1000, 0m0.191
4, 16, 1000, 1, 5, 1, 192, 0m0.039
5, 16, 1000, 1, 5, 0, 1000, 0m0.195
6, 16, 1000, 1, 5, 0, 1000, 0m0.211
7, 16, 1000, 1, 5, 1, 262, 0m0.049
8, 16, 1000, 1, 5, 0, 1000, 0m0.195
9, 16, 1000, 1, 5, 0, 1000, 0m0.187
10, 16, 1000, 1, 5, 0, 1000, 0m0.190
0, 16, 1000, 1, 10, 0, 1000, 0m0.188
1, 16, 1000, 1, 10, 1, 306, 0m0.057
2, 16, 1000, 1, 10, 0, 1000, 0m0.181
3, 16, 1000, 1, 10, 0, 1000, 0m0.188
4, 16, 1000, 1, 10, 0, 1000, 0m0.178
5, 16, 1000, 1, 10, 0, 1000, 0m0.177
6, 16, 1000, 1, 10, 0, 1000, 0m0.178
7, 16, 1000, 1, 10, 0, 1000, 0m0.178
8, 16, 1000, 1, 10, 1, 204, 0m0.038
9, 16, 1000, 1, 10, 0, 1000, 0m0.179
10, 16, 1000, 1, 10, 0, 1000, 0m0.177
0, 16, 1000, 2, 1, 0, 1000, 0m0.692
1, 16, 1000, 2, 1, 1, 263, 0m0.213
2, 16, 1000, 2, 1, 1, 205, 0m0.118
3, 16, 1000, 2, 1, 1, 268, 0m0.217
4, 16, 1000, 2, 1, 1, 161, 0m0.091
5, 16, 1000, 2, 1, 1, 86, 0m0.063
6, 16, 1000, 2, 1, 0, 1000, 0m0.678
7, 16, 1000, 2, 1, 0, 1000, 0m0.578
8, 16, 1000, 2, 1, 0, 1000, 0m0.606
9, 16, 1000, 2, 1, 1, 507, 0m0.341
10, 16, 1000, 2, 1, 1, 116, 0m0.096
0, 16, 1000, 2, 2, 1, 988, 0m0.446
1, 16, 1000, 2, 2, 0, 1000, 0m0.458
2, 16, 1000, 2, 2, 0, 1000, 0m0.483
3, 16, 1000, 2, 2, 1, 560, 0m0.259
4, 16, 1000, 2, 2, 0, 1000, 0m0.470
5, 16, 1000, 2, 2, 1, 117, 0m0.058
6, 16, 1000, 2, 2, 1, 116, 0m0.058
7, 16, 1000, 2, 2, 0, 1000, 0m0.449
8, 16, 1000, 2, 2, 1, 126, 0m0.064
9, 16, 1000, 2, 2, 1, 78, 0m0.037
10, 16, 1000, 2, 2, 1, 225, 0m0.111
0, 16, 1000, 2, 5, 1, 225, 0m0.108
1, 16, 1000, 2, 5, 0, 1000, 0m0.418
2, 16, 1000, 2, 5, 1, 796, 0m0.339
3, 16, 1000, 2, 5, 0, 1000, 0m0.426
4, 16, 1000, 2, 5, 0, 1000, 0m0.427
5, 16, 1000, 2, 5, 0, 1000, 0m0.427
6, 16, 1000, 2, 5, 1, 167, 0m0.072
7, 16, 1000, 2, 5, 1, 235, 0m0.104
8, 16, 1000, 2, 5, 1, 867, 0m0.354
9, 16, 1000, 2, 5, 0, 1000, 0m0.417
10, 16, 1000, 2, 5, 1, 384, 0m0.165
0, 16, 1000, 2, 10, 1, 191, 0m0.072
1, 16, 1000, 2, 10, 1, 171, 0m0.073
2, 16, 1000, 2, 10, 1, 422, 0m0.162
3, 16, 1000, 2, 10, 0, 1000, 0m0.404
4, 16, 1000, 2, 10, 0, 1000, 0m0.378
5, 16, 1000, 2, 10, 1, 95, 0m0.040
6, 16, 1000, 2, 10, 1, 408, 0m0.155
7, 16, 1000, 2, 10, 1, 704, 0m0.279
8, 16, 1000, 2, 10, 0, 1000, 0m0.381
9, 16, 1000, 2, 10, 1, 61, 0m0.029
10, 16, 1000, 2, 10, 0, 1000, 0m0.387
0, 16, 1000, 3, 1, 1, 192, 0m0.205
1, 16, 1000, 3, 1, 1, 338, 0m0.314
2, 16, 1000, 3, 1, 1, 131, 0m0.141
3, 16, 1000, 3, 1, 1, 119, 0m0.128
4, 16, 1000, 3, 1, 1, 158, 0m0.165
5, 16, 1000, 3, 1, 1, 156, 0m0.162
6, 16, 1000, 3, 1, 1, 117, 0m0.110
7, 16, 1000, 3, 1, 1, 204, 0m0.190
8, 16, 1000, 3, 1, 0, 1000, 0m0.917
9, 16, 1000, 3, 1, 1, 393, 0m0.361
10, 16, 1000, 3, 1, 1, 145, 0m0.153
0, 16, 1000, 3, 2, 1, 31, 0m0.023
1, 16, 1000, 3, 2, 1, 162, 0m0.118
2, 16, 1000, 3, 2, 0, 1000, 0m0.670
3, 16, 1000, 3, 2, 1, 804, 0m0.552
4, 16, 1000, 3, 2, 1, 366, 0m0.237
5, 16, 1000, 3, 2, 0, 1000, 0m0.655
6, 16, 1000, 3, 2, 0, 1000, 0m0.685
7, 16, 1000, 3, 2, 1, 115, 0m0.086
8, 16, 1000, 3, 2, 0, 1000, 0m0.688
9, 16, 1000, 3, 2, 0, 1000, 0m0.686
10, 16, 1000, 3, 2, 1, 154, 0m0.113
0, 16, 1000, 3, 5, 1, 504, 0m0.381
1, 16, 1000, 3, 5, 1, 161, 0m0.115
2, 16, 1000, 3, 5, 0, 1000, 0m0.722
3, 16, 1000, 3, 5, 0, 1000, 0m0.710
4, 16, 1000, 3, 5, 1, 177, 0m0.128
5, 16, 1000, 3, 5, 1, 154, 0m0.102
6, 16, 1000, 3, 5, 1, 162, 0m0.117
7, 16, 1000, 3, 5, 1, 458, 0m0.328
8, 16, 1000, 3, 5, 0, 1000, 0m0.707
9, 16, 1000, 3, 5, 1, 661, 0m0.490
10, 16, 1000, 3, 5, 0, 1000, 0m0.742
0, 16, 1000, 3, 10, 1, 265, 0m0.189
1, 16, 1000, 3, 10, 1, 254, 0m0.169
2, 16, 1000, 3, 10, 1, 158, 0m0.111
3, 16, 1000, 3, 10, 1, 128, 0m0.091
4, 16, 1000, 3, 10, 0, 1000, 0m0.671
5, 16, 1000, 3, 10, 1, 612, 0m0.410
6, 16, 1000, 3, 10, 1, 243, 0m0.164
7, 16, 1000, 3, 10, 1, 77, 0m0.056
8, 16, 1000, 3, 10, 1, 294, 0m0.202
9, 16, 1000, 3, 10, 1, 213, 0m0.148
10, 16, 1000, 3, 10, 1, 425, 0m0.284
0, 32, 1000, 1, 1, 0, 1000, 0m1.183
1, 32, 1000, 1, 1, 0, 1000, 0m1.600
2, 32, 1000, 1, 1, 0, 1000, 0m1.201
3, 32, 1000, 1, 1, 0, 1000, 0m1.192
4, 32, 1000, 1, 1, 0, 1000, 0m1.634
5, 32, 1000, 1, 1, 0, 1000, 0m1.301
6, 32, 1000, 1, 1, 0, 1000, 0m1.197
7, 32, 1000, 1, 1, 0, 1000, 0m1.198
8, 32, 1000, 1, 1, 0, 1000, 0m1.184
9, 32, 1000, 1, 1, 0, 1000, 0m1.335
10, 32, 1000, 1, 1, 0, 1000, 0m1.192
0, 32, 1000, 1, 2, 0, 1000, 0m0.735
1, 32, 1000, 1, 2, 0, 1000, 0m0.649
2, 32, 1000, 1, 2, 0, 1000, 0m0.881
3, 32, 1000, 1, 2, 0, 1000, 0m0.924
4, 32, 1000, 1, 2, 0, 1000, 0m0.683
5, 32, 1000, 1, 2, 0, 1000, 0m0.887
6, 32, 1000, 1, 2, 0, 1000, 0m0.717
7, 32, 1000, 1, 2, 0, 1000, 0m0.742
8, 32, 1000, 1, 2, 0, 1000, 0m0.922
9, 32, 1000, 1, 2, 0, 1000, 0m0.634
10, 32, 1000, 1, 2, 0, 1000, 0m0.900
0, 32, 1000, 1, 5, 0, 1000, 0m0.461
1, 32, 1000, 1, 5, 0, 1000, 0m0.455
2, 32, 1000, 1, 5, 0, 1000, 0m0.456
3, 32, 1000, 1, 5, 0, 1000, 0m0.454
4, 32, 1000, 1, 5, 0, 1000, 0m0.462
5, 32, 1000, 1, 5, 0, 1000, 0m0.457
6, 32, 1000, 1, 5, 0, 1000, 0m0.457
7, 32, 1000, 1, 5, 0, 1000, 0m0.453
8, 32, 1000, 1, 5, 0, 1000, 0m0.459
9, 32, 1000, 1, 5, 0, 1000, 0m0.457
10, 32, 1000, 1, 5, 0, 1000, 0m0.459
0, 32, 1000, 1, 10, 0, 1000, 0m0.432
1, 32, 1000, 1, 10, 0, 1000, 0m0.424
2, 32, 1000, 1, 10, 0, 1000, 0m0.421
3, 32, 1000, 1, 10, 0, 1000, 0m0.432
4, 32, 1000, 1, 10, 0, 1000, 0m0.428
5, 32, 1000, 1, 10, 0, 1000, 0m0.420
6, 32, 1000, 1, 10, 0, 1000, 0m0.431
7, 32, 1000, 1, 10, 0, 1000, 0m0.424
8, 32, 1000, 1, 10, 0, 1000, 0m0.422
9, 32, 1000, 1, 10, 0, 1000, 0m0.414
10, 32, 1000, 1, 10, 0, 1000, 0m0.421
0, 32, 1000, 2, 1, 1, 683, 0m1.270
1, 32, 1000, 2, 1, 0, 1000, 0m1.915
2, 32, 1000, 2, 1, 0, 1000, 0m1.699
3, 32, 1000, 2, 1, 0, 1000, 0m1.593
4, 32, 1000, 2, 1, 1, 416, 0m0.920
5, 32, 1000, 2, 1, 0, 1000, 0m1.542
6, 32, 1000, 2, 1, 1, 254, 0m0.430
7, 32, 1000, 2, 1, 0, 1000, 0m2.117
8, 32, 1000, 2, 1, 1, 971, 0m1.575
9, 32, 1000, 2, 1, 0, 1000, 0m1.932
10, 32, 1000, 2, 1, 0, 1000, 0m1.665
0, 32, 1000, 2, 2, 0, 1000, 0m1.213
1, 32, 1000, 2, 2, 0, 1000, 0m1.195
2, 32, 1000, 2, 2, 1, 981, 0m1.230
3, 32, 1000, 2, 2, 1, 716, 0m0.839
4, 32, 1000, 2, 2, 0, 1000, 0m1.067
5, 32, 1000, 2, 2, 0, 1000, 0m1.200
6, 32, 1000, 2, 2, 0, 1000, 0m1.222
7, 32, 1000, 2, 2, 1, 389, 0m0.499
8, 32, 1000, 2, 2, 0, 1000, 0m1.208
9, 32, 1000, 2, 2, 0, 1000, 0m1.220
10, 32, 1000, 2, 2, 0, 1000, 0m1.204
0, 32, 1000, 2, 5, 1, 714, 0m0.714
1, 32, 1000, 2, 5, 1, 927, 0m0.947
2, 32, 1000, 2, 5, 1, 769, 0m0.757
3, 32, 1000, 2, 5, 0, 1000, 0m0.997
4, 32, 1000, 2, 5, 0, 1000, 0m0.982
5, 32, 1000, 2, 5, 0, 1000, 0m0.996
6, 32, 1000, 2, 5, 0, 1000, 0m1.001
7, 32, 1000, 2, 5, 0, 1000, 0m1.005
8, 32, 1000, 2, 5, 1, 165, 0m0.177
9, 32, 1000, 2, 5, 1, 1000, 0m1.008
10, 32, 1000, 2, 5, 0, 1000, 0m1.018
0, 32, 1000, 2, 10, 0, 1000, 0m0.938
1, 32, 1000, 2, 10, 1, 744, 0m0.689
2, 32, 1000, 2, 10, 1, 698, 0m0.675
3, 32, 1000, 2, 10, 0, 1000, 0m0.981
4, 32, 1000, 2, 10, 0, 1000, 0m1.041
5, 32, 1000, 2, 10, 1, 877, 0m0.864
6, 32, 1000, 2, 10, 0, 1000, 0m0.937
7, 32, 1000, 2, 10, 1, 958, 0m0.909
8, 32, 1000, 2, 10, 1, 320, 0m0.329
9, 32, 1000, 2, 10, 0, 1000, 0m0.970
10, 32, 1000, 2, 10, 0, 1000, 0m0.948
0, 32, 1000, 3, 1, 0, 1000, 0m2.398
1, 32, 1000, 3, 1, 0, 1000, 0m2.447
2, 32, 1000, 3, 1, 0, 1000, 0m2.551
3, 32, 1000, 3, 1, 0, 1000, 0m2.654
4, 32, 1000, 3, 1, 0, 1000, 0m2.507
5, 32, 1000, 3, 1, 0, 1000, 0m2.484
6, 32, 1000, 3, 1, 1, 955, 0m2.483
7, 32, 1000, 3, 1, 1, 512, 0m1.397
8, 32, 1000, 3, 1, 0, 1000, 0m2.450
9, 32, 1000, 3, 1, 0, 1000, 0m2.616
10, 32, 1000, 3, 1, 0, 1000, 0m2.513
0, 32, 1000, 3, 2, 0, 1000, 0m1.779
1, 32, 1000, 3, 2, 0, 1000, 0m1.796
2, 32, 1000, 3, 2, 1, 552, 0m0.949
3, 32, 1000, 3, 2, 1, 794, 0m1.380
4, 32, 1000, 3, 2, 0, 1000, 0m1.718
5, 32, 1000, 3, 2, 0, 1000, 0m1.676
6, 32, 1000, 3, 2, 0, 1000, 0m1.687
7, 32, 1000, 3, 2, 0, 1000, 0m1.693
8, 32, 1000, 3, 2, 0, 1000, 0m1.767
9, 32, 1000, 3, 2, 0, 1000, 0m1.670
10, 32, 1000, 3, 2, 0, 1000, 0m1.756
0, 32, 1000, 3, 5, 1, 365, 0m0.602
1, 32, 1000, 3, 5, 1, 751, 0m1.248
2, 32, 1000, 3, 5, 0, 1000, 0m1.678
3, 32, 1000, 3, 5, 1, 786, 0m1.299
4, 32, 1000, 3, 5, 0, 1000, 0m1.607
5, 32, 1000, 3, 5, 1, 778, 0m1.273
6, 32, 1000, 3, 5, 0, 1000, 0m1.635
7, 32, 1000, 3, 5, 1, 965, 0m1.556
8, 32, 1000, 3, 5, 1, 898, 0m1.450
9, 32, 1000, 3, 5, 1, 610, 0m1.002
10, 32, 1000, 3, 5, 1, 410, 0m0.665
0, 32, 1000, 3, 10, 0, 1000, 0m1.594
1, 32, 1000, 3, 10, 0, 1000, 0m1.613
2, 32, 1000, 3, 10, 0, 1000, 0m1.593
3, 32, 1000, 3, 10, 1, 577, 0m0.924
4, 32, 1000, 3, 10, 0, 1000, 0m1.620
5, 32, 1000, 3, 10, 0, 1000, 0m1.612
6, 32, 1000, 3, 10, 0, 1000, 0m1.565
7, 32, 1000, 3, 10, 0, 1000, 0m1.609
8, 32, 1000, 3, 10, 1, 693, 0m1.128
9, 32, 1000, 3, 10, 1, 769, 0m1.244
10, 32, 1000, 3, 10, 0, 1000, 0m1.618
0, 8, 10000, 1, 1, 0, 10000, 0m2.355
1, 8, 10000, 1, 1, 0, 10000, 0m2.437
2, 8, 10000, 1, 1, 1, 64, 0m0.014
3, 8, 10000, 1, 1, 1, 4499, 0m0.977
4, 8, 10000, 1, 1, 1, 148, 0m0.045
5, 8, 10000, 1, 1, 0, 10000, 0m2.248
6, 8, 10000, 1, 1, 1, 9, 0m0.004
7, 8, 10000, 1, 1, 0, 10000, 0m2.388
8, 8, 10000, 1, 1, 0, 10000, 0m2.254
9, 8, 10000, 1, 1, 0, 10000, 0m2.234
10, 8, 10000, 1, 1, 1, 22, 0m0.006
0, 8, 10000, 1, 2, 1, 26, 0m0.005
1, 8, 10000, 1, 2, 1, 4651, 0m0.674
2, 8, 10000, 1, 2, 1, 13, 0m0.004
3, 8, 10000, 1, 2, 1, 439, 0m0.059
4, 8, 10000, 1, 2, 1, 1646, 0m0.258
5, 8, 10000, 1, 2, 1, 55, 0m0.010
6, 8, 10000, 1, 2, 1, 423, 0m0.059
7, 8, 10000, 1, 2, 1, 65, 0m0.011
8, 8, 10000, 1, 2, 1, 395, 0m0.067
9, 8, 10000, 1, 2, 0, 10000, 0m1.539
10, 8, 10000, 1, 2, 1, 109, 0m0.016
0, 8, 10000, 1, 5, 1, 4846, 0m0.633
1, 8, 10000, 1, 5, 1, 18, 0m0.004
2, 8, 10000, 1, 5, 1, 495, 0m0.061
3, 8, 10000, 1, 5, 1, 71, 0m0.010
4, 8, 10000, 1, 5, 1, 3991, 0m0.466
5, 8, 10000, 1, 5, 1, 999, 0m0.119
6, 8, 10000, 1, 5, 1, 13, 0m0.003
7, 8, 10000, 1, 5, 1, 7138, 0m0.833
8, 8, 10000, 1, 5, 1, 118, 0m0.016
9, 8, 10000, 1, 5, 1, 2098, 0m0.248
10, 8, 10000, 1, 5, 1, 1128, 0m0.133
0, 8, 10000, 1, 10, 1, 15, 0m0.003
1, 8, 10000, 1, 10, 1, 5123, 0m0.668
2, 8, 10000, 1, 10, 1, 1766, 0m0.231
3, 8, 10000, 1, 10, 1, 4685, 0m0.586
4, 8, 10000, 1, 10, 1, 31, 0m0.005
5, 8, 10000, 1, 10, 1, 1538, 0m0.188
6, 8, 10000, 1, 10, 1, 27, 0m0.005
7, 8, 10000, 1, 10, 1, 212, 0m0.025
8, 8, 10000, 1, 10, 1, 43, 0m0.006
9, 8, 10000, 1, 10, 1, 989, 0m0.127
10, 8, 10000, 1, 10, 0, 10000, 0m1.292
0, 8, 10000, 2, 1, 1, 1165, 0m0.392
1, 8, 10000, 2, 1, 1, 12, 0m0.005
2, 8, 10000, 2, 1, 1, 15, 0m0.006
3, 8, 10000, 2, 1, 1, 16, 0m0.008
4, 8, 10000, 2, 1, 1, 13, 0m0.006
5, 8, 10000, 2, 1, 1, 11, 0m0.006
6, 8, 10000, 2, 1, 1, 1513, 0m0.567
7, 8, 10000, 2, 1, 1, 9, 0m0.005
8, 8, 10000, 2, 1, 1, 11, 0m0.006
9, 8, 10000, 2, 1, 1, 349, 0m0.123
10, 8, 10000, 2, 1, 1, 17, 0m0.009
0, 8, 10000, 2, 2, 1, 18, 0m0.007
1, 8, 10000, 2, 2, 1, 12, 0m0.005
2, 8, 10000, 2, 2, 1, 1056, 0m0.298
3, 8, 10000, 2, 2, 1, 39, 0m0.013
4, 8, 10000, 2, 2, 1, 47, 0m0.015
5, 8, 10000, 2, 2, 1, 12, 0m0.005
6, 8, 10000, 2, 2, 1, 26, 0m0.009
7, 8, 10000, 2, 2, 1, 40, 0m0.013
8, 8, 10000, 2, 2, 1, 6, 0m0.003
9, 8, 10000, 2, 2, 1, 1287, 0m0.343
10, 8, 10000, 2, 2, 1, 1016, 0m0.284
0, 8, 10000, 2, 5, 1, 113, 0m0.029
1, 8, 10000, 2, 5, 0, 10000, 0m2.841
2, 8, 10000, 2, 5, 1, 78, 0m0.027
3, 8, 10000, 2, 5, 1, 115, 0m0.031
4, 8, 10000, 2, 5, 1, 13, 0m0.005
5, 8, 10000, 2, 5, 1, 2209, 0m0.604
6, 8, 10000, 2, 5, 1, 116, 0m0.038
7, 8, 10000, 2, 5, 1, 41, 0m0.015
8, 8, 10000, 2, 5, 1, 8, 0m0.004
9, 8, 10000, 2, 5, 1, 2179, 0m0.605
10, 8, 10000, 2, 5, 1, 52, 0m0.014
0, 8, 10000, 2, 10, 1, 12, 0m0.008
1, 8, 10000, 2, 10, 1, 18, 0m0.006
2, 8, 10000, 2, 10, 1, 18, 0m0.009
3, 8, 10000, 2, 10, 1, 45, 0m0.016
4, 8, 10000, 2, 10, 0, 10000, 0m2.791
5, 8, 10000, 2, 10, 1, 25, 0m0.008
6, 8, 10000, 2, 10, 1, 35, 0m0.010
7, 8, 10000, 2, 10, 1, 9, 0m0.004
8, 8, 10000, 2, 10, 1, 23, 0m0.008
9, 8, 10000, 2, 10, 1, 4334, 0m1.229
10, 8, 10000, 2, 10, 1, 12, 0m0.009
0, 8, 10000, 3, 1, 1, 34, 0m0.023
1, 8, 10000, 3, 1, 1, 40, 0m0.030
2, 8, 10000, 3, 1, 1, 1906, 0m1.073
3, 8, 10000, 3, 1, 1, 18, 0m0.013
4, 8, 10000, 3, 1, 1, 23, 0m0.013
5, 8, 10000, 3, 1, 1, 425, 0m0.249
6, 8, 10000, 3, 1, 1, 14, 0m0.010
7, 8, 10000, 3, 1, 1, 35, 0m0.020
8, 8, 10000, 3, 1, 1, 12, 0m0.009
9, 8, 10000, 3, 1, 1, 26, 0m0.018
10, 8, 10000, 3, 1, 1, 311, 0m0.185
0, 8, 10000, 3, 2, 1, 255, 0m0.130
1, 8, 10000, 3, 2, 1, 23, 0m0.018
2, 8, 10000, 3, 2, 1, 16, 0m0.009
3, 8, 10000, 3, 2, 1, 309, 0m0.176
4, 8, 10000, 3, 2, 1, 5, 0m0.005
5, 8, 10000, 3, 2, 1, 39, 0m0.021
6, 8, 10000, 3, 2, 1, 11, 0m0.006
7, 8, 10000, 3, 2, 1, 20, 0m0.010
8, 8, 10000, 3, 2, 1, 28, 0m0.016
9, 8, 10000, 3, 2, 1, 26, 0m0.018
10, 8, 10000, 3, 2, 1, 3, 0m0.004
0, 8, 10000, 3, 5, 1, 19, 0m0.013
1, 8, 10000, 3, 5, 1, 15, 0m0.010
2, 8, 10000, 3, 5, 1, 18, 0m0.011
3, 8, 10000, 3, 5, 1, 14, 0m0.011
4, 8, 10000, 3, 5, 1, 15, 0m0.009
5, 8, 10000, 3, 5, 1, 28, 0m0.015
6, 8, 10000, 3, 5, 1, 26, 0m0.020
7, 8, 10000, 3, 5, 1, 20, 0m0.018
8, 8, 10000, 3, 5, 1, 7, 0m0.010
9, 8, 10000, 3, 5, 1, 33, 0m0.015
10, 8, 10000, 3, 5, 1, 8, 0m0.006
0, 8, 10000, 3, 10, 1, 17, 0m0.019
1, 8, 10000, 3, 10, 1, 11, 0m0.007
2, 8, 10000, 3, 10, 1, 12, 0m0.010
3, 8, 10000, 3, 10, 1, 238, 0m0.130
4, 8, 10000, 3, 10, 1, 35, 0m0.023
5, 8, 10000, 3, 10, 1, 29, 0m0.030
6, 8, 10000, 3, 10, 1, 23, 0m0.024
7, 8, 10000, 3, 10, 1, 36, 0m0.027
8, 8, 10000, 3, 10, 1, 21, 0m0.017
9, 8, 10000, 3, 10, 1, 9, 0m0.008
10, 8, 10000, 3, 10, 1, 54, 0m0.030
0, 16, 10000, 1, 1, 1, 2071, 0m0.996
1, 16, 10000, 1, 1, 1, 436, 0m0.192
2, 16, 10000, 1, 1, 0, 10000, 0m4.633
3, 16, 10000, 1, 1, 1, 2443, 0m1.040
4, 16, 10000, 1, 1, 1, 9258, 0m4.141
5, 16, 10000, 1, 1, 1, 4490, 0m1.895
6, 16, 10000, 1, 1, 0, 10000, 0m4.298
7, 16, 10000, 1, 1, 1, 9615, 0m4.331
8, 16, 10000, 1, 1, 1, 261, 0m0.107
9, 16, 10000, 1, 1, 0, 10000, 0m4.321
10, 16, 10000, 1, 1, 0, 10000, 0m4.106
0, 16, 10000, 1, 2, 1, 1085, 0m0.260
1, 16, 10000, 1, 2, 0, 10000, 0m2.644
2, 16, 10000, 1, 2, 1, 1975, 0m0.503
3, 16, 10000, 1, 2, 1, 3286, 0m0.805
4, 16, 10000, 1, 2, 1, 697, 0m0.185
5, 16, 10000, 1, 2, 1, 1813, 0m0.485
6, 16, 10000, 1, 2, 1, 87, 0m0.022
7, 16, 10000, 1, 2, 1, 6393, 0m1.647
8, 16, 10000, 1, 2, 1, 861, 0m0.248
9, 16, 10000, 1, 2, 1, 2087, 0m0.551
10, 16, 10000, 1, 2, 0, 10000, 0m2.760
0, 16, 10000, 1, 5, 1, 299, 0m0.059
1, 16, 10000, 1, 5, 1, 6276, 0m1.181
2, 16, 10000, 1, 5, 1, 2025, 0m0.380
3, 16, 10000, 1, 5, 1, 415, 0m0.077
4, 16, 10000, 1, 5, 1, 86, 0m0.017
5, 16, 10000, 1, 5, 0, 10000, 0m1.887
6, 16, 10000, 1, 5, 1, 1189, 0m0.214
7, 16, 10000, 1, 5, 0, 10000, 0m1.864
8, 16, 10000, 1, 5, 1, 1298, 0m0.236
9, 16, 10000, 1, 5, 0, 10000, 0m1.862
10, 16, 10000, 1, 5, 0, 10000, 0m1.891
0, 16, 10000, 1, 10, 1, 626, 0m0.121
1, 16, 10000, 1, 10, 1, 3976, 0m0.830
2, 16, 10000, 1, 10, 0, 10000, 0m1.935
3, 16, 10000, 1, 10, 1, 602, 0m0.118
4, 16, 10000, 1, 10, 1, 3569, 0m0.680
5, 16, 10000, 1, 10, 1, 2226, 0m0.441
6, 16, 10000, 1, 10, 0, 10000, 0m1.878
7, 16, 10000, 1, 10, 0, 10000, 0m1.897
8, 16, 10000, 1, 10, 0, 10000, 0m1.855
9, 16, 10000, 1, 10, 1, 1673, 0m0.301
10, 16, 10000, 1, 10, 0, 10000, 0m1.831
0, 16, 10000, 2, 1, 1, 318, 0m0.233
1, 16, 10000, 2, 1, 1, 4924, 0m3.014
2, 16, 10000, 2, 1, 1, 779, 0m0.483
3, 16, 10000, 2, 1, 1, 702, 0m0.435
4, 16, 10000, 2, 1, 1, 944, 0m0.623
5, 16, 10000, 2, 1, 1, 51, 0m0.034
6, 16, 10000, 2, 1, 1, 7787, 0m5.032
7, 16, 10000, 2, 1, 1, 68, 0m0.050
8, 16, 10000, 2, 1, 1, 253, 0m0.156
9, 16, 10000, 2, 1, 1, 5084, 0m3.412
10, 16, 10000, 2, 1, 1, 2289, 0m1.576
0, 16, 10000, 2, 2, 1, 127, 0m0.062
1, 16, 10000, 2, 2, 1, 172, 0m0.079
2, 16, 10000, 2, 2, 1, 281, 0m0.128
3, 16, 10000, 2, 2, 1, 1290, 0m0.595
4, 16, 10000, 2, 2, 1, 402, 0m0.188
5, 16, 10000, 2, 2, 1, 4014, 0m1.884
6, 16, 10000, 2, 2, 0, 10000, 0m4.551
7, 16, 10000, 2, 2, 1, 1997, 0m0.912
8, 16, 10000, 2, 2, 1, 409, 0m0.193
9, 16, 10000, 2, 2, 1, 74, 0m0.035
10, 16, 10000, 2, 2, 1, 137, 0m0.063
0, 16, 10000, 2, 5, 1, 573, 0m0.242
1, 16, 10000, 2, 5, 1, 4690, 0m2.014
2, 16, 10000, 2, 5, 1, 73, 0m0.031
3, 16, 10000, 2, 5, 1, 97, 0m0.042
4, 16, 10000, 2, 5, 1, 1584, 0m0.687
5, 16, 10000, 2, 5, 1, 1789, 0m0.749
6, 16, 10000, 2, 5, 1, 414, 0m0.172
7, 16, 10000, 2, 5, 1, 1628, 0m0.712
8, 16, 10000, 2, 5, 1, 304, 0m0.134
9, 16, 10000, 2, 5, 1, 1360, 0m0.590
10, 16, 10000, 2, 5, 1, 872, 0m0.366
0, 16, 10000, 2, 10, 1, 1502, 0m0.616
1, 16, 10000, 2, 10, 1, 608, 0m0.236
2, 16, 10000, 2, 10, 1, 137, 0m0.054
3, 16, 10000, 2, 10, 1, 788, 0m0.307
4, 16, 10000, 2, 10, 1, 5759, 0m2.376
5, 16, 10000, 2, 10, 1, 200, 0m0.082
6, 16, 10000, 2, 10, 1, 1332, 0m0.559
7, 16, 10000, 2, 10, 1, 229, 0m0.101
8, 16, 10000, 2, 10, 1, 127, 0m0.057
9, 16, 10000, 2, 10, 1, 2951, 0m1.222
10, 16, 10000, 2, 10, 1, 412, 0m0.180
0, 16, 10000, 3, 1, 1, 2672, 0m2.486
1, 16, 10000, 3, 1, 1, 1396, 0m1.373
2, 16, 10000, 3, 1, 1, 75, 0m0.076
3, 16, 10000, 3, 1, 1, 1047, 0m0.968
4, 16, 10000, 3, 1, 1, 881, 0m0.798
5, 16, 10000, 3, 1, 1, 181, 0m0.172
6, 16, 10000, 3, 1, 1, 124, 0m0.129
7, 16, 10000, 3, 1, 1, 1380, 0m1.286
8, 16, 10000, 3, 1, 1, 88, 0m0.087
9, 16, 10000, 3, 1, 1, 81, 0m0.080
10, 16, 10000, 3, 1, 1, 9668, 0m8.940
0, 16, 10000, 3, 2, 1, 134, 0m0.098
1, 16, 10000, 3, 2, 1, 323, 0m0.263
2, 16, 10000, 3, 2, 1, 136, 0m0.101
3, 16, 10000, 3, 2, 1, 167, 0m0.118
4, 16, 10000, 3, 2, 1, 166, 0m0.131
5, 16, 10000, 3, 2, 1, 591, 0m0.540
6, 16, 10000, 3, 2, 1, 124, 0m0.102
7, 16, 10000, 3, 2, 1, 345, 0m0.236
8, 16, 10000, 3, 2, 1, 1192, 0m0.864
9, 16, 10000, 3, 2, 1, 320, 0m0.234
10, 16, 10000, 3, 2, 1, 300, 0m0.222
0, 16, 10000, 3, 5, 1, 4521, 0m3.411
1, 16, 10000, 3, 5, 1, 3074, 0m2.319
2, 16, 10000, 3, 5, 1, 1844, 0m1.431
3, 16, 10000, 3, 5, 1, 3109, 0m2.354
4, 16, 10000, 3, 5, 1, 817, 0m0.640
5, 16, 10000, 3, 5, 1, 865, 0m0.662
6, 16, 10000, 3, 5, 1, 622, 0m0.477
7, 16, 10000, 3, 5, 1, 121, 0m0.091
8, 16, 10000, 3, 5, 1, 630, 0m0.472
9, 16, 10000, 3, 5, 1, 217, 0m0.155
10, 16, 10000, 3, 5, 1, 150, 0m0.122
0, 16, 10000, 3, 10, 1, 627, 0m0.474
1, 16, 10000, 3, 10, 1, 94, 0m0.085
2, 16, 10000, 3, 10, 1, 916, 0m0.684
3, 16, 10000, 3, 10, 1, 137, 0m0.113
4, 16, 10000, 3, 10, 1, 116, 0m0.105
5, 16, 10000, 3, 10, 1, 179, 0m0.139
6, 16, 10000, 3, 10, 1, 226, 0m0.172
7, 16, 10000, 3, 10, 1, 157, 0m0.130
8, 16, 10000, 3, 10, 1, 3124, 0m2.274
9, 16, 10000, 3, 10, 1, 1563, 0m1.156
10, 16, 10000, 3, 10, 1, 180, 0m0.146
0, 32, 10000, 1, 1, 1, 4412, 0m6.565
1, 32, 10000, 1, 1, 1, 6200, 0m9.059
2, 32, 10000, 1, 1, 1, 4951, 0m6.235
3, 32, 10000, 1, 1, 1, 8037, 0m11.316
4, 32, 10000, 1, 1, 1, 9411, 0m13.104
5, 32, 10000, 1, 1, 0, 10000, 0m13.757
6, 32, 10000, 1, 1, 1, 4992, 0m6.722
7, 32, 10000, 1, 1, 0, 10000, 0m12.348
8, 32, 10000, 1, 1, 1, 3522, 0m4.947
9, 32, 10000, 1, 1, 1, 3844, 0m5.334
10, 32, 10000, 1, 1, 1, 7609, 0m9.964
0, 32, 10000, 1, 2, 0, 10000, 0m7.524
1, 32, 10000, 1, 2, 1, 9655, 0m7.525
2, 32, 10000, 1, 2, 1, 6043, 0m4.519
3, 32, 10000, 1, 2, 1, 4996, 0m3.565
4, 32, 10000, 1, 2, 0, 10000, 0m7.237
5, 32, 10000, 1, 2, 1, 7206, 0m5.213
6, 32, 10000, 1, 2, 0, 10000, 0m7.525
7, 32, 10000, 1, 2, 1, 2754, 0m1.993
8, 32, 10000, 1, 2, 0, 10000, 0m7.649
9, 32, 10000, 1, 2, 1, 9866, 0m7.327
10, 32, 10000, 1, 2, 0, 10000, 0m7.542
0, 32, 10000, 1, 5, 0, 10000, 0m4.692
1, 32, 10000, 1, 5, 0, 10000, 0m4.660
2, 32, 10000, 1, 5, 1, 5628, 0m2.707
3, 32, 10000, 1, 5, 0, 10000, 0m4.558
4, 32, 10000, 1, 5, 0, 10000, 0m4.594
5, 32, 10000, 1, 5, 1, 9057, 0m4.125
6, 32, 10000, 1, 5, 1, 2644, 0m1.211
7, 32, 10000, 1, 5, 0, 10000, 0m4.562
8, 32, 10000, 1, 5, 0, 10000, 0m4.568
9, 32, 10000, 1, 5, 1, 7415, 0m3.379
10, 32, 10000, 1, 5, 0, 10000, 0m4.553
0, 32, 10000, 1, 10, 0, 10000, 0m4.360
1, 32, 10000, 1, 10, 0, 10000, 0m4.304
2, 32, 10000, 1, 10, 0, 10000, 0m4.440
3, 32, 10000, 1, 10, 1, 6776, 0m2.992
4, 32, 10000, 1, 10, 0, 10000, 0m4.275
5, 32, 10000, 1, 10, 0, 10000, 0m4.294
6, 32, 10000, 1, 10, 0, 10000, 0m4.362
7, 32, 10000, 1, 10, 0, 10000, 0m4.306
8, 32, 10000, 1, 10, 1, 5772, 0m2.455
9, 32, 10000, 1, 10, 1, 3743, 0m1.656
10, 32, 10000, 1, 10, 0, 10000, 0m4.305
0, 32, 10000, 2, 1, 1, 504, 0m0.941
1, 32, 10000, 2, 1, 1, 6228, 0m11.845
2, 32, 10000, 2, 1, 1, 1612, 0m2.897
3, 32, 10000, 2, 1, 1, 2864, 0m5.268
4, 32, 10000, 2, 1, 1, 4735, 0m8.502
5, 32, 10000, 2, 1, 1, 1063, 0m2.095
6, 32, 10000, 2, 1, 1, 1452, 0m2.569
7, 32, 10000, 2, 1, 1, 1957, 0m3.255
8, 32, 10000, 2, 1, 1, 2624, 0m4.955
9, 32, 10000, 2, 1, 1, 3861, 0m6.896
10, 32, 10000, 2, 1, 1, 1250, 0m2.172
0, 32, 10000, 2, 2, 1, 1003, 0m1.188
1, 32, 10000, 2, 2, 1, 297, 0m0.363
2, 32, 10000, 2, 2, 1, 5589, 0m6.613
3, 32, 10000, 2, 2, 1, 2121, 0m2.557
4, 32, 10000, 2, 2, 1, 7178, 0m8.490
5, 32, 10000, 2, 2, 1, 7058, 0m8.401
6, 32, 10000, 2, 2, 1, 3513, 0m4.205
7, 32, 10000, 2, 2, 1, 4534, 0m5.415
8, 32, 10000, 2, 2, 1, 4695, 0m5.523
9, 32, 10000, 2, 2, 1, 779, 0m0.928
10, 32, 10000, 2, 2, 1, 1390, 0m1.611
0, 32, 10000, 2, 5, 1, 1202, 0m1.210
1, 32, 10000, 2, 5, 1, 664, 0m0.708
2, 32, 10000, 2, 5, 1, 1608, 0m1.692
3, 32, 10000, 2, 5, 1, 1636, 0m1.759
4, 32, 10000, 2, 5, 0, 10000, 0m10.431
5, 32, 10000, 2, 5, 1, 1233, 0m1.258
6, 32, 10000, 2, 5, 1, 2643, 0m2.829
7, 32, 10000, 2, 5, 1, 1987, 0m2.086
8, 32, 10000, 2, 5, 1, 252, 0m0.268
9, 32, 10000, 2, 5, 1, 2158, 0m2.303
10, 32, 10000, 2, 5, 1, 615, 0m0.662
0, 32, 10000, 2, 10, 1, 636, 0m0.637
1, 32, 10000, 2, 10, 0, 10000, 0m9.561
2, 32, 10000, 2, 10, 1, 630, 0m0.588
3, 32, 10000, 2, 10, 1, 1725, 0m1.656
4, 32, 10000, 2, 10, 1, 3428, 0m3.247
5, 32, 10000, 2, 10, 1, 896, 0m0.845
6, 32, 10000, 2, 10, 0, 10000, 0m9.573
7, 32, 10000, 2, 10, 1, 198, 0m0.191
8, 32, 10000, 2, 10, 1, 1191, 0m1.171
9, 32, 10000, 2, 10, 1, 2425, 0m2.316
10, 32, 10000, 2, 10, 1, 1853, 0m1.772
0, 32, 10000, 3, 1, 1, 3277, 0m7.972
1, 32, 10000, 3, 1, 1, 2424, 0m5.933
2, 32, 10000, 3, 1, 1, 837, 0m1.943
3, 32, 10000, 3, 1, 1, 2132, 0m5.269
4, 32, 10000, 3, 1, 1, 2190, 0m5.297
5, 32, 10000, 3, 1, 1, 666, 0m1.722
6, 32, 10000, 3, 1, 1, 1134, 0m2.758
7, 32, 10000, 3, 1, 1, 642, 0m1.567
8, 32, 10000, 3, 1, 1, 628, 0m1.571
9, 32, 10000, 3, 1, 1, 648, 0m1.706
10, 32, 10000, 3, 1, 1, 1438, 0m3.701
0, 32, 10000, 3, 2, 1, 1991, 0m3.319
1, 32, 10000, 3, 2, 1, 694, 0m1.189
2, 32, 10000, 3, 2, 1, 1093, 0m1.818
3, 32, 10000, 3, 2, 1, 2280, 0m3.742
4, 32, 10000, 3, 2, 1, 1206, 0m2.033
5, 32, 10000, 3, 2, 1, 1669, 0m2.771
6, 32, 10000, 3, 2, 1, 1144, 0m1.900
7, 32, 10000, 3, 2, 1, 738, 0m1.246
8, 32, 10000, 3, 2, 1, 1789, 0m2.980
9, 32, 10000, 3, 2, 1, 5974, 0m10.076
10, 32, 10000, 3, 2, 1, 576, 0m0.973
0, 32, 10000, 3, 5, 1, 570, 0m0.931
1, 32, 10000, 3, 5, 1, 1357, 0m2.238
2, 32, 10000, 3, 5, 1, 1255, 0m2.060
3, 32, 10000, 3, 5, 1, 1275, 0m2.057
4, 32, 10000, 3, 5, 1, 2002, 0m3.263
5, 32, 10000, 3, 5, 1, 726, 0m1.207
6, 32, 10000, 3, 5, 1, 1450, 0m2.422
7, 32, 10000, 3, 5, 1, 4047, 0m6.902
8, 32, 10000, 3, 5, 1, 1121, 0m1.884
9, 32, 10000, 3, 5, 1, 782, 0m1.335
10, 32, 10000, 3, 5, 1, 830, 0m1.413
0, 32, 10000, 3, 10, 1, 4066, 0m6.855
1, 32, 10000, 3, 10, 1, 1627, 0m2.756
2, 32, 10000, 3, 10, 1, 1206, 0m1.990
3, 32, 10000, 3, 10, 1, 790, 0m1.313
4, 32, 10000, 3, 10, 1, 808, 0m1.331
5, 32, 10000, 3, 10, 1, 705, 0m1.185
6, 32, 10000, 3, 10, 1, 1040, 0m1.738
7, 32, 10000, 3, 10, 1, 1324, 0m2.297
8, 32, 10000, 3, 10, 1, 759, 0m1.248
9, 32, 10000, 3, 10, 1, 1385, 0m2.279
10, 32, 10000, 3, 10, 1, 1231, 0m2.038
0, 8, 100000, 1, 1, 1, 4770, 0m1.094
1, 8, 100000, 1, 1, 1, 1050, 0m0.242
2, 8, 100000, 1, 1, 1, 7002, 0m1.615
3, 8, 100000, 1, 1, 1, 4483, 0m1.046
4, 8, 100000, 1, 1, 1, 771, 0m0.164
5, 8, 100000, 1, 1, 1, 1395, 0m0.313
6, 8, 100000, 1, 1, 1, 1528, 0m0.317
7, 8, 100000, 1, 1, 1, 3510, 0m0.733
8, 8, 100000, 1, 1, 1, 260, 0m0.059
9, 8, 100000, 1, 1, 1, 1579, 0m0.340
10, 8, 100000, 1, 1, 1, 15, 0m0.005
0, 8, 100000, 1, 2, 1, 10531, 0m1.589
1, 8, 100000, 1, 2, 1, 148, 0m0.028
2, 8, 100000, 1, 2, 1, 1029, 0m0.178
3, 8, 100000, 1, 2, 1, 4076, 0m0.632
4, 8, 100000, 1, 2, 1, 3557, 0m0.563
5, 8, 100000, 1, 2, 1, 1910, 0m0.317
6, 8, 100000, 1, 2, 1, 6, 0m0.002
7, 8, 100000, 1, 2, 1, 392, 0m0.059
8, 8, 100000, 1, 2, 1, 756, 0m0.107
9, 8, 100000, 1, 2, 1, 87, 0m0.014
10, 8, 100000, 1, 2, 1, 13, 0m0.003
0, 8, 100000, 1, 5, 1, 6030, 0m0.706
1, 8, 100000, 1, 5, 1, 274, 0m0.033
2, 8, 100000, 1, 5, 1, 75834, 0m8.821
3, 8, 100000, 1, 5, 1, 85, 0m0.015
4, 8, 100000, 1, 5, 1, 11338, 0m1.306
5, 8, 100000, 1, 5, 1, 2957, 0m0.346
6, 8, 100000, 1, 5, 1, 7942, 0m0.944
7, 8, 100000, 1, 5, 1, 753, 0m0.089
8, 8, 100000, 1, 5, 1, 14, 0m0.003
9, 8, 100000, 1, 5, 1, 146, 0m0.018
10, 8, 100000, 1, 5, 1, 2051, 0m0.244
0, 8, 100000, 1, 10, 1, 8929, 0m1.175
1, 8, 100000, 1, 10, 1, 1546, 0m0.202
2, 8, 100000, 1, 10, 1, 502, 0m0.064
3, 8, 100000, 1, 10, 1, 30326, 0m3.963
4, 8, 100000, 1, 10, 1, 19, 0m0.004
5, 8, 100000, 1, 10, 1, 101, 0m0.013
6, 8, 100000, 1, 10, 1, 168, 0m0.022
7, 8, 100000, 1, 10, 1, 1402, 0m0.180
8, 8, 100000, 1, 10, 1, 7853, 0m1.049
9, 8, 100000, 1, 10, 1, 12738, 0m1.605
10, 8, 100000, 1, 10, 1, 703, 0m0.083
0, 8, 100000, 2, 1, 1, 5264, 0m1.963
1, 8, 100000, 2, 1, 1, 19, 0m0.011
2, 8, 100000, 2, 1, 1, 97, 0m0.037
3, 8, 100000, 2, 1, 1, 230, 0m0.095
4, 8, 100000, 2, 1, 1, 48, 0m0.020
5, 8, 100000, 2, 1, 1, 22, 0m0.009
6, 8, 100000, 2, 1, 1, 1570, 0m0.546
7, 8, 100000, 2, 1, 1, 661, 0m0.222
8, 8, 100000, 2, 1, 1, 23, 0m0.009
9, 8, 100000, 2, 1, 1, 26, 0m0.010
10, 8, 100000, 2, 1, 1, 428, 0m0.158
0, 8, 100000, 2, 2, 1, 214, 0m0.059
1, 8, 100000, 2, 2, 1, 111, 0m0.033
2, 8, 100000, 2, 2, 1, 1, 0m0.002
3, 8, 100000, 2, 2, 1, 1126, 0m0.305
4, 8, 100000, 2, 2, 1, 1179, 0m0.320
5, 8, 100000, 2, 2, 1, 234, 0m0.067
6, 8, 100000, 2, 2, 1, 7, 0m0.005
7, 8, 100000, 2, 2, 1, 418, 0m0.112
8, 8, 100000, 2, 2, 1, 1738, 0m0.478
9, 8, 100000, 2, 2, 1, 17, 0m0.007
10, 8, 100000, 2, 2, 1, 19, 0m0.007
0, 8, 100000, 2, 5, 1, 20, 0m0.007
1, 8, 100000, 2, 5, 1, 11, 0m0.004
2, 8, 100000, 2, 5, 1, 45, 0m0.016
3, 8, 100000, 2, 5, 1, 17, 0m0.006
4, 8, 100000, 2, 5, 1, 210, 0m0.056
5, 8, 100000, 2, 5, 1, 14, 0m0.005
6, 8, 100000, 2, 5, 1, 109, 0m0.037
7, 8, 100000, 2, 5, 1, 26, 0m0.008
8, 8, 100000, 2, 5, 1, 317, 0m0.078
9, 8, 100000, 2, 5, 1, 27, 0m0.008
10, 8, 100000, 2, 5, 1, 21, 0m0.007
0, 8, 100000, 2, 10, 1, 63, 0m0.017
1, 8, 100000, 2, 10, 1, 16, 0m0.005
2, 8, 100000, 2, 10, 1, 16, 0m0.006
3, 8, 100000, 2, 10, 1, 18, 0m0.006
4, 8, 100000, 2, 10, 1, 25, 0m0.012
5, 8, 100000, 2, 10, 1, 293, 0m0.076
6, 8, 100000, 2, 10, 1, 129, 0m0.034
7, 8, 100000, 2, 10, 1, 158, 0m0.045
8, 8, 100000, 2, 10, 1, 3667, 0m0.961
9, 8, 100000, 2, 10, 1, 362, 0m0.096
10, 8, 100000, 2, 10, 1, 17, 0m0.007
0, 8, 100000, 3, 1, 1, 19, 0m0.014
1, 8, 100000, 3, 1, 1, 14, 0m0.011
2, 8, 100000, 3, 1, 1, 6, 0m0.006
3, 8, 100000, 3, 1, 1, 21, 0m0.016
4, 8, 100000, 3, 1, 1, 30, 0m0.020
5, 8, 100000, 3, 1, 1, 12, 0m0.009
6, 8, 100000, 3, 1, 1, 57, 0m0.042
7, 8, 100000, 3, 1, 1, 20, 0m0.014
8, 8, 100000, 3, 1, 1, 20, 0m0.013
9, 8, 100000, 3, 1, 1, 26, 0m0.018
10, 8, 100000, 3, 1, 1, 7662, 0m4.216
0, 8, 100000, 3, 2, 1, 124, 0m0.065
1, 8, 100000, 3, 2, 1, 4, 0m0.011
2, 8, 100000, 3, 2, 1, 12, 0m0.007
3, 8, 100000, 3, 2, 1, 21, 0m0.018
4, 8, 100000, 3, 2, 1, 173, 0m0.085
5, 8, 100000, 3, 2, 1, 36, 0m0.016
6, 8, 100000, 3, 2, 1, 106, 0m0.049
7, 8, 100000, 3, 2, 1, 25, 0m0.018
8, 8, 100000, 3, 2, 1, 18, 0m0.012
9, 8, 100000, 3, 2, 1, 15, 0m0.009
10, 8, 100000, 3, 2, 1, 43, 0m0.020
0, 8, 100000, 3, 5, 1, 665, 0m0.303
1, 8, 100000, 3, 5, 1, 311, 0m0.138
2, 8, 100000, 3, 5, 1, 96, 0m0.047
3, 8, 100000, 3, 5, 1, 11, 0m0.007
4, 8, 100000, 3, 5, 1, 24, 0m0.012
5, 8, 100000, 3, 5, 1, 11, 0m0.007
6, 8, 100000, 3, 5, 1, 20, 0m0.018
7, 8, 100000, 3, 5, 1, 17, 0m0.009
8, 8, 100000, 3, 5, 1, 35, 0m0.020
9, 8, 100000, 3, 5, 1, 424, 0m0.204
10, 8, 100000, 3, 5, 1, 87, 0m0.046
0, 8, 100000, 3, 10, 1, 24, 0m0.014
1, 8, 100000, 3, 10, 1, 25, 0m0.017
2, 8, 100000, 3, 10, 1, 16, 0m0.009
3, 8, 100000, 3, 10, 1, 20, 0m0.015
4, 8, 100000, 3, 10, 1, 19, 0m0.014
5, 8, 100000, 3, 10, 1, 116, 0m0.066
6, 8, 100000, 3, 10, 1, 162, 0m0.083
7, 8, 100000, 3, 10, 1, 7, 0m0.010
8, 8, 100000, 3, 10, 1, 19, 0m0.015
9, 8, 100000, 3, 10, 1, 28, 0m0.017
10, 8, 100000, 3, 10, 1, 31, 0m0.018
0, 16, 100000, 1, 1, 1, 27833, 0m12.206
1, 16, 100000, 1, 1, 1, 10425, 0m4.699
2, 16, 100000, 1, 1, 1, 7446, 0m3.401
3, 16, 100000, 1, 1, 1, 1129, 0m0.458
4, 16, 100000, 1, 1, 1, 2865, 0m1.244
5, 16, 100000, 1, 1, 1, 744, 0m0.297
6, 16, 100000, 1, 1, 1, 14047, 0m6.753
7, 16, 100000, 1, 1, 1, 9333, 0m4.066
8, 16, 100000, 1, 1, 1, 540, 0m0.262
9, 16, 100000, 1, 1, 1, 15890, 0m7.413
10, 16, 100000, 1, 1, 1, 15981, 0m7.538
0, 16, 100000, 1, 2, 1, 23719, 0m6.054
1, 16, 100000, 1, 2, 1, 7539, 0m1.937
2, 16, 100000, 1, 2, 1, 692, 0m0.164
3, 16, 100000, 1, 2, 1, 14118, 0m3.612
4, 16, 100000, 1, 2, 1, 2601, 0m0.602
5, 16, 100000, 1, 2, 1, 1867, 0m0.474
6, 16, 100000, 1, 2, 1, 1855, 0m0.436
7, 16, 100000, 1, 2, 1, 2437, 0m0.664
8, 16, 100000, 1, 2, 1, 2833, 0m0.717
9, 16, 100000, 1, 2, 1, 3255, 0m0.886
10, 16, 100000, 1, 2, 1, 12428, 0m3.264
0, 16, 100000, 1, 5, 1, 2419, 0m0.450
1, 16, 100000, 1, 5, 1, 2877, 0m0.541
2, 16, 100000, 1, 5, 1, 22468, 0m4.249
3, 16, 100000, 1, 5, 1, 2288, 0m0.421
4, 16, 100000, 1, 5, 1, 2446, 0m0.462
5, 16, 100000, 1, 5, 1, 930, 0m0.174
6, 16, 100000, 1, 5, 1, 305, 0m0.059
7, 16, 100000, 1, 5, 1, 3376, 0m0.619
8, 16, 100000, 1, 5, 1, 31845, 0m5.832
9, 16, 100000, 1, 5, 1, 2462, 0m0.450
10, 16, 100000, 1, 5, 1, 15186, 0m2.803
0, 16, 100000, 1, 10, 1, 3588, 0m0.638
1, 16, 100000, 1, 10, 1, 3853, 0m0.695
2, 16, 100000, 1, 10, 1, 432, 0m0.079
3, 16, 100000, 1, 10, 1, 39015, 0m7.037
4, 16, 100000, 1, 10, 1, 4275, 0m0.775
5, 16, 100000, 1, 10, 1, 619, 0m0.112
6, 16, 100000, 1, 10, 1, 3591, 0m0.649
7, 16, 100000, 1, 10, 1, 7040, 0m1.334
8, 16, 100000, 1, 10, 1, 5328, 0m1.005
9, 16, 100000, 1, 10, 1, 10185, 0m1.836
10, 16, 100000, 1, 10, 1, 5221, 0m0.953
0, 16, 100000, 2, 1, 1, 266, 0m0.175
1, 16, 100000, 2, 1, 1, 96, 0m0.074
2, 16, 100000, 2, 1, 1, 791, 0m0.543
3, 16, 100000, 2, 1, 1, 7305, 0m4.777
4, 16, 100000, 2, 1, 1, 143, 0m0.103
5, 16, 100000, 2, 1, 1, 100, 0m0.069
6, 16, 100000, 2, 1, 1, 3955, 0m2.650
7, 16, 100000, 2, 1, 1, 883, 0m0.576
8, 16, 100000, 2, 1, 1, 140, 0m0.092
9, 16, 100000, 2, 1, 1, 130, 0m0.082
10, 16, 100000, 2, 1, 1, 6371, 0m3.921
0, 16, 100000, 2, 2, 1, 660, 0m0.295
1, 16, 100000, 2, 2, 1, 2317, 0m1.065
2, 16, 100000, 2, 2, 1, 5727, 0m2.611
3, 16, 100000, 2, 2, 1, 600, 0m0.271
4, 16, 100000, 2, 2, 1, 2405, 0m1.098
5, 16, 100000, 2, 2, 1, 847, 0m0.395
6, 16, 100000, 2, 2, 1, 1130, 0m0.517
7, 16, 100000, 2, 2, 1, 94, 0m0.045
8, 16, 100000, 2, 2, 1, 225, 0m0.106
9, 16, 100000, 2, 2, 1, 76, 0m0.038
10, 16, 100000, 2, 2, 1, 72, 0m0.037
0, 16, 100000, 2, 5, 1, 484, 0m0.218
1, 16, 100000, 2, 5, 1, 1083, 0m0.466
2, 16, 100000, 2, 5, 1, 176, 0m0.076
3, 16, 100000, 2, 5, 1, 230, 0m0.096
4, 16, 100000, 2, 5, 1, 5688, 0m2.399
5, 16, 100000, 2, 5, 1, 2107, 0m0.895
6, 16, 100000, 2, 5, 1, 4413, 0m1.894
7, 16, 100000, 2, 5, 1, 1843, 0m0.791
8, 16, 100000, 2, 5, 1, 4539, 0m1.940
9, 16, 100000, 2, 5, 1, 146, 0m0.062
10, 16, 100000, 2, 5, 1, 82, 0m0.037
0, 16, 100000, 2, 10, 1, 73, 0m0.030
1, 16, 100000, 2, 10, 1, 365, 0m0.146
2, 16, 100000, 2, 10, 1, 1568, 0m0.622
3, 16, 100000, 2, 10, 1, 264, 0m0.113
4, 16, 100000, 2, 10, 1, 3081, 0m1.207
5, 16, 100000, 2, 10, 1, 1711, 0m0.680
6, 16, 100000, 2, 10, 1, 11106, 0m4.548
7, 16, 100000, 2, 10, 1, 1199, 0m0.482
8, 16, 100000, 2, 10, 1, 111, 0m0.049
9, 16, 100000, 2, 10, 1, 1746, 0m0.721
10, 16, 100000, 2, 10, 1, 3735, 0m1.647
0, 16, 100000, 3, 1, 1, 6438, 0m5.872
1, 16, 100000, 3, 1, 1, 462, 0m0.435
2, 16, 100000, 3, 1, 1, 406, 0m0.407
3, 16, 100000, 3, 1, 1, 493, 0m0.458
4, 16, 100000, 3, 1, 1, 286, 0m0.267
5, 16, 100000, 3, 1, 1, 163, 0m0.148
6, 16, 100000, 3, 1, 1, 171, 0m0.167
7, 16, 100000, 3, 1, 1, 608, 0m0.572
8, 16, 100000, 3, 1, 1, 891, 0m0.858
9, 16, 100000, 3, 1, 1, 322, 0m0.281
10, 16, 100000, 3, 1, 1, 645, 0m0.594
0, 16, 100000, 3, 2, 1, 899, 0m0.656
1, 16, 100000, 3, 2, 1, 346, 0m0.255
2, 16, 100000, 3, 2, 1, 666, 0m0.513
3, 16, 100000, 3, 2, 1, 148, 0m0.114
4, 16, 100000, 3, 2, 1, 1311, 0m0.987
5, 16, 100000, 3, 2, 1, 313, 0m0.225
6, 16, 100000, 3, 2, 1, 939, 0m0.658
7, 16, 100000, 3, 2, 1, 103, 0m0.075
8, 16, 100000, 3, 2, 1, 146, 0m0.112
9, 16, 100000, 3, 2, 1, 971, 0m0.744
10, 16, 100000, 3, 2, 1, 1281, 0m0.949
0, 16, 100000, 3, 5, 1, 970, 0m0.735
1, 16, 100000, 3, 5, 1, 67, 0m0.063
2, 16, 100000, 3, 5, 1, 145, 0m0.107
3, 16, 100000, 3, 5, 1, 2673, 0m1.928
4, 16, 100000, 3, 5, 1, 150, 0m0.117
5, 16, 100000, 3, 5, 1, 706, 0m0.538
6, 16, 100000, 3, 5, 1, 159, 0m0.119
7, 16, 100000, 3, 5, 1, 6537, 0m4.792
8, 16, 100000, 3, 5, 1, 365, 0m0.272
9, 16, 100000, 3, 5, 1, 119, 0m0.093
10, 16, 100000, 3, 5, 1, 372, 0m0.262
0, 16, 100000, 3, 10, 1, 971, 0m0.653
1, 16, 100000, 3, 10, 1, 1616, 0m1.120
2, 16, 100000, 3, 10, 1, 255, 0m0.192
3, 16, 100000, 3, 10, 1, 166, 0m0.112
4, 16, 100000, 3, 10, 1, 1251, 0m0.838
5, 16, 100000, 3, 10, 1, 116, 0m0.091
6, 16, 100000, 3, 10, 1, 1237, 0m0.818
7, 16, 100000, 3, 10, 1, 288, 0m0.195
8, 16, 100000, 3, 10, 1, 6233, 0m4.126
9, 16, 100000, 3, 10, 1, 2854, 0m1.906
10, 16, 100000, 3, 10, 1, 1071, 0m0.727
0, 32, 100000, 1, 1, 1, 3313, 0m4.208
1, 32, 100000, 1, 1, 1, 18265, 0m24.454
2, 32, 100000, 1, 1, 1, 6074, 0m8.200
3, 32, 100000, 1, 1, 1, 59206, 1m18.664
4, 32, 100000, 1, 1, 1, 33551, 0m45.808
5, 32, 100000, 1, 1, 1, 12587, 0m17.783
6, 32, 100000, 1, 1, 1, 20711, 0m30.631
7, 32, 100000, 1, 1, 1, 38064, 0m49.696
8, 32, 100000, 1, 1, 1, 29477, 0m39.107
9, 32, 100000, 1, 1, 1, 2125, 0m2.772
10, 32, 100000, 1, 1, 1, 2566, 0m3.349
0, 32, 100000, 1, 2, 1, 9078, 0m6.546
1, 32, 100000, 1, 2, 1, 9749, 0m7.426
2, 32, 100000, 1, 2, 1, 1151, 0m0.828
3, 32, 100000, 1, 2, 1, 19478, 0m15.162
4, 32, 100000, 1, 2, 1, 23204, 0m16.267
5, 32, 100000, 1, 2, 1, 5999, 0m4.317
6, 32, 100000, 1, 2, 1, 3388, 0m2.197
7, 32, 100000, 1, 2, 1, 12351, 0m8.081
8, 32, 100000, 1, 2, 1, 12647, 0m9.418
9, 32, 100000, 1, 2, 1, 7962, 0m5.759
10, 32, 100000, 1, 2, 1, 6603, 0m4.829
0, 32, 100000, 1, 5, 1, 1710, 0m0.784
1, 32, 100000, 1, 5, 1, 11179, 0m5.096
2, 32, 100000, 1, 5, 1, 18478, 0m8.404
3, 32, 100000, 1, 5, 1, 24908, 0m11.409
4, 32, 100000, 1, 5, 1, 4666, 0m2.132
5, 32, 100000, 1, 5, 1, 6639, 0m3.012
6, 32, 100000, 1, 5, 1, 20285, 0m9.240
7, 32, 100000, 1, 5, 1, 11973, 0m5.478
8, 32, 100000, 1, 5, 1, 9473, 0m4.328
9, 32, 100000, 1, 5, 1, 17349, 0m7.881
10, 32, 100000, 1, 5, 1, 10680, 0m4.860
0, 32, 100000, 1, 10, 1, 21203, 0m8.923
1, 32, 100000, 1, 10, 1, 2892, 0m1.240
2, 32, 100000, 1, 10, 1, 6604, 0m2.786
3, 32, 100000, 1, 10, 1, 1210, 0m0.513
4, 32, 100000, 1, 10, 1, 15394, 0m6.506
5, 32, 100000, 1, 10, 1, 5594, 0m2.376
6, 32, 100000, 1, 10, 1, 15340, 0m6.496
7, 32, 100000, 1, 10, 1, 12895, 0m5.529
8, 32, 100000, 1, 10, 1, 44412, 0m19.385
9, 32, 100000, 1, 10, 1, 8634, 0m3.676
10, 32, 100000, 1, 10, 1, 21124, 0m8.935
0, 32, 100000, 2, 1, 1, 794, 0m1.433
1, 32, 100000, 2, 1, 1, 623, 0m1.204
2, 32, 100000, 2, 1, 1, 3574, 0m6.448
3, 32, 100000, 2, 1, 1, 2615, 0m4.793
4, 32, 100000, 2, 1, 1, 1853, 0m3.362
5, 32, 100000, 2, 1, 1, 3942, 0m7.642
6, 32, 100000, 2, 1, 1, 1141, 0m2.263
7, 32, 100000, 2, 1, 1, 4687, 0m8.913
8, 32, 100000, 2, 1, 1, 2908, 0m5.388
9, 32, 100000, 2, 1, 1, 1677, 0m3.245
10, 32, 100000, 2, 1, 1, 7454, 0m13.774
0, 32, 100000, 2, 2, 1, 1901, 0m2.233
1, 32, 100000, 2, 2, 1, 650, 0m0.786
2, 32, 100000, 2, 2, 1, 9389, 0m11.038
3, 32, 100000, 2, 2, 1, 5129, 0m6.066
4, 32, 100000, 2, 2, 1, 3970, 0m4.661
5, 32, 100000, 2, 2, 1, 1265, 0m1.521
6, 32, 100000, 2, 2, 1, 3484, 0m4.094
7, 32, 100000, 2, 2, 1, 2246, 0m2.682
8, 32, 100000, 2, 2, 1, 4831, 0m5.685
9, 32, 100000, 2, 2, 1, 1059, 0m1.277
10, 32, 100000, 2, 2, 1, 5780, 0m6.815
0, 32, 100000, 2, 5, 1, 442, 0m0.436
1, 32, 100000, 2, 5, 1, 878, 0m0.891
2, 32, 100000, 2, 5, 1, 1833, 0m1.844
3, 32, 100000, 2, 5, 1, 1818, 0m1.870
4, 32, 100000, 2, 5, 1, 1781, 0m1.778
5, 32, 100000, 2, 5, 1, 4970, 0m5.130
6, 32, 100000, 2, 5, 1, 1349, 0m1.388
7, 32, 100000, 2, 5, 1, 1899, 0m1.917
8, 32, 100000, 2, 5, 1, 901, 0m0.909
9, 32, 100000, 2, 5, 1, 3603, 0m3.667
10, 32, 100000, 2, 5, 1, 7358, 0m7.472
0, 32, 100000, 2, 10, 1, 6903, 0m6.454
1, 32, 100000, 2, 10, 1, 518, 0m0.480
2, 32, 100000, 2, 10, 1, 807, 0m0.784
3, 32, 100000, 2, 10, 1, 624, 0m0.604
4, 32, 100000, 2, 10, 1, 800, 0m0.760
5, 32, 100000, 2, 10, 1, 727, 0m0.694
6, 32, 100000, 2, 10, 1, 2260, 0m2.156
7, 32, 100000, 2, 10, 1, 527, 0m0.503
8, 32, 100000, 2, 10, 1, 496, 0m0.463
9, 32, 100000, 2, 10, 1, 662, 0m0.637
10, 32, 100000, 2, 10, 1, 1327, 0m1.244
0, 32, 100000, 3, 1, 1, 2116, 0m5.270
1, 32, 100000, 3, 1, 1, 1037, 0m2.446
2, 32, 100000, 3, 1, 1, 557, 0m1.399
3, 32, 100000, 3, 1, 1, 816, 0m2.081
4, 32, 100000, 3, 1, 1, 792, 0m1.938
5, 32, 100000, 3, 1, 1, 1512, 0m3.724
6, 32, 100000, 3, 1, 1, 1753, 0m4.295
7, 32, 100000, 3, 1, 1, 1950, 0m4.820
8, 32, 100000, 3, 1, 1, 3715, 0m9.024
9, 32, 100000, 3, 1, 1, 625, 0m1.589
10, 32, 100000, 3, 1, 1, 952, 0m2.388
0, 32, 100000, 3, 2, 1, 907, 0m1.500
1, 32, 100000, 3, 2, 1, 831, 0m1.423
2, 32, 100000, 3, 2, 1, 469, 0m0.831
3, 32, 100000, 3, 2, 1, 2163, 0m3.647
4, 32, 100000, 3, 2, 1, 2059, 0m3.426
5, 32, 100000, 3, 2, 1, 1028, 0m1.727
6, 32, 100000, 3, 2, 1, 2349, 0m3.843
7, 32, 100000, 3, 2, 1, 2562, 0m4.224
8, 32, 100000, 3, 2, 1, 1434, 0m2.360
9, 32, 100000, 3, 2, 1, 549, 0m0.895
10, 32, 100000, 3, 2, 1, 1648, 0m2.968
0, 32, 100000, 3, 5, 1, 1950, 0m3.128
1, 32, 100000, 3, 5, 1, 1434, 0m2.288
2, 32, 100000, 3, 5, 1, 1205, 0m1.981
3, 32, 100000, 3, 5, 1, 665, 0m1.099
4, 32, 100000, 3, 5, 1, 884, 0m1.434
5, 32, 100000, 3, 5, 1, 911, 0m1.470
6, 32, 100000, 3, 5, 1, 1016, 0m1.651
7, 32, 100000, 3, 5, 1, 860, 0m1.431
8, 32, 100000, 3, 5, 1, 776, 0m1.260
9, 32, 100000, 3, 5, 1, 756, 0m1.223
10, 32, 100000, 3, 5, 1, 727, 0m1.212
0, 32, 100000, 3, 10, 1, 1591, 0m2.649
1, 32, 100000, 3, 10, 1, 589, 0m1.001
2, 32, 100000, 3, 10, 1, 2036, 0m3.243
3, 32, 100000, 3, 10, 1, 1803, 0m2.896
4, 32, 100000, 3, 10, 1, 3250, 0m5.241
5, 32, 100000, 3, 10, 1, 866, 0m1.400
6, 32, 100000, 3, 10, 1, 1427, 0m2.320
7, 32, 100000, 3, 10, 1, 1123, 0m1.791
8, 32, 100000, 3, 10, 1, 1473, 0m2.341
9, 32, 100000, 3, 10, 1, 1204, 0m1.929
10, 32, 100000, 3, 10, 1, 2034, 0m3.227
0, 8, 1000000, 1, 1, 1, 55, 0m0.014
1, 8, 1000000, 1, 1, 1, 3979, 0m1.033
2, 8, 1000000, 1, 1, 1, 7202, 0m1.881
3, 8, 1000000, 1, 1, 1, 4377, 0m1.065
4, 8, 1000000, 1, 1, 1, 584, 0m0.142
5, 8, 1000000, 1, 1, 1, 1568, 0m0.357
6, 8, 1000000, 1, 1, 1, 472, 0m0.112
7, 8, 1000000, 1, 1, 1, 21, 0m0.006
8, 8, 1000000, 1, 1, 1, 1267, 0m0.268
9, 8, 1000000, 1, 1, 1, 1722, 0m0.391
10, 8, 1000000, 1, 1, 1, 9, 0m0.004
0, 8, 1000000, 1, 2, 1, 54, 0m0.009
1, 8, 1000000, 1, 2, 0, 1000000, 2m31.177
2, 8, 1000000, 1, 2, 1, 69, 0m0.013
3, 8, 1000000, 1, 2, 1, 406, 0m0.071
4, 8, 1000000, 1, 2, 1, 7108, 0m1.138
5, 8, 1000000, 1, 2, 1, 1000, 0m0.137
6, 8, 1000000, 1, 2, 1, 248, 0m0.034
7, 8, 1000000, 1, 2, 1, 103, 0m0.017
8, 8, 1000000, 1, 2, 1, 64, 0m0.011
9, 8, 1000000, 1, 2, 1, 455, 0m0.079
10, 8, 1000000, 1, 2, 1, 9, 0m0.003
0, 8, 1000000, 1, 5, 1, 29, 0m0.005
1, 8, 1000000, 1, 5, 1, 1749, 0m0.203
2, 8, 1000000, 1, 5, 1, 3283, 0m0.378
3, 8, 1000000, 1, 5, 1, 42, 0m0.006
4, 8, 1000000, 1, 5, 1, 662, 0m0.076
5, 8, 1000000, 1, 5, 1, 60, 0m0.009
6, 8, 1000000, 1, 5, 1, 2696, 0m0.319
7, 8, 1000000, 1, 5, 1, 1176, 0m0.138
8, 8, 1000000, 1, 5, 1, 53, 0m0.008
9, 8, 1000000, 1, 5, 1, 4, 0m0.002
10, 8, 1000000, 1, 5, 0, 1000000, 1m56.839
0, 8, 1000000, 1, 10, 1, 17, 0m0.004
1, 8, 1000000, 1, 10, 1, 25, 0m0.004
2, 8, 1000000, 1, 10, 1, 17, 0m0.004
3, 8, 1000000, 1, 10, 1, 570, 0m0.066
4, 8, 1000000, 1, 10, 1, 29, 0m0.005
5, 8, 1000000, 1, 10, 1, 212, 0m0.025
6, 8, 1000000, 1, 10, 1, 739, 0m0.085
7, 8, 1000000, 1, 10, 1, 417, 0m0.049
8, 8, 1000000, 1, 10, 1, 8940, 0m1.108
9, 8, 1000000, 1, 10, 1, 1056, 0m0.141
10, 8, 1000000, 1, 10, 1, 12424, 0m1.572
0, 8, 1000000, 2, 1, 1, 257, 0m0.090
1, 8, 1000000, 2, 1, 1, 371, 0m0.144
2, 8, 1000000, 2, 1, 1, 32, 0m0.012
3, 8, 1000000, 2, 1, 1, 32, 0m0.012
4, 8, 1000000, 2, 1, 1, 25, 0m0.013
5, 8, 1000000, 2, 1, 1, 9, 0m0.005
6, 8, 1000000, 2, 1, 1, 7626, 0m2.813
7, 8, 1000000, 2, 1, 1, 173, 0m0.059
8, 8, 1000000, 2, 1, 1, 28, 0m0.010
9, 8, 1000000, 2, 1, 1, 227, 0m0.085
10, 8, 1000000, 2, 1, 1, 20, 0m0.008
0, 8, 1000000, 2, 2, 1, 16, 0m0.006
1, 8, 1000000, 2, 2, 1, 358, 0m0.102
2, 8, 1000000, 2, 2, 1, 1586, 0m0.450
3, 8, 1000000, 2, 2, 1, 137, 0m0.039
4, 8, 1000000, 2, 2, 1, 429, 0m0.118
5, 8, 1000000, 2, 2, 1, 54, 0m0.017
6, 8, 1000000, 2, 2, 1, 1800, 0m0.493
7, 8, 1000000, 2, 2, 1, 15, 0m0.006
8, 8, 1000000, 2, 2, 1, 69, 0m0.021
9, 8, 1000000, 2, 2, 1, 12, 0m0.005
10, 8, 1000000, 2, 2, 1, 6357, 0m1.735
0, 8, 1000000, 2, 5, 1, 96, 0m0.031
1, 8, 1000000, 2, 5, 1, 20, 0m0.009
2, 8, 1000000, 2, 5, 1, 25, 0m0.008
3, 8, 1000000, 2, 5, 1, 8, 0m0.004
4, 8, 1000000, 2, 5, 1, 14, 0m0.005
5, 8, 1000000, 2, 5, 1, 248, 0m0.071
6, 8, 1000000, 2, 5, 1, 21, 0m0.007
7, 8, 1000000, 2, 5, 1, 57, 0m0.015
8, 8, 1000000, 2, 5, 1, 844, 0m0.218
9, 8, 1000000, 2, 5, 1, 12, 0m0.005
10, 8, 1000000, 2, 5, 1, 81, 0m0.021
0, 8, 1000000, 2, 10, 1, 40, 0m0.011
1, 8, 1000000, 2, 10, 1, 31, 0m0.010
2, 8, 1000000, 2, 10, 1, 70, 0m0.020
3, 8, 1000000, 2, 10, 1, 11, 0m0.005
4, 8, 1000000, 2, 10, 1, 10, 0m0.004
5, 8, 1000000, 2, 10, 1, 21, 0m0.007
6, 8, 1000000, 2, 10, 1, 125, 0m0.040
7, 8, 1000000, 2, 10, 1, 62, 0m0.018
8, 8, 1000000, 2, 10, 1, 36449, 0m9.397
9, 8, 1000000, 2, 10, 1, 76, 0m0.019
10, 8, 1000000, 2, 10, 1, 58, 0m0.018
0, 8, 1000000, 3, 1, 1, 16, 0m0.010
1, 8, 1000000, 3, 1, 1, 18, 0m0.013
2, 8, 1000000, 3, 1, 1, 17, 0m0.013
3, 8, 1000000, 3, 1, 1, 25, 0m0.017
4, 8, 1000000, 3, 1, 1, 56, 0m0.034
5, 8, 1000000, 3, 1, 1, 18, 0m0.012
6, 8, 1000000, 3, 1, 1, 14, 0m0.011
7, 8, 1000000, 3, 1, 1, 16, 0m0.011
8, 8, 1000000, 3, 1, 1, 14, 0m0.011
9, 8, 1000000, 3, 1, 1, 396, 0m0.211
10, 8, 1000000, 3, 1, 1, 30, 0m0.022
0, 8, 1000000, 3, 2, 1, 8, 0m0.005
1, 8, 1000000, 3, 2, 1, 18, 0m0.009
2, 8, 1000000, 3, 2, 1, 13, 0m0.007
3, 8, 1000000, 3, 2, 1, 27, 0m0.012
4, 8, 1000000, 3, 2, 1, 122, 0m0.054
5, 8, 1000000, 3, 2, 1, 1300, 0m0.597
6, 8, 1000000, 3, 2, 1, 1145, 0m0.499
7, 8, 1000000, 3, 2, 1, 44, 0m0.022
8, 8, 1000000, 3, 2, 1, 12, 0m0.008
9, 8, 1000000, 3, 2, 1, 7, 0m0.007
10, 8, 1000000, 3, 2, 1, 14, 0m0.007
0, 8, 1000000, 3, 5, 1, 17, 0m0.011
1, 8, 1000000, 3, 5, 1, 67, 0m0.036
2, 8, 1000000, 3, 5, 1, 468, 0m0.206
3, 8, 1000000, 3, 5, 1, 25, 0m0.012
4, 8, 1000000, 3, 5, 1, 12, 0m0.007
5, 8, 1000000, 3, 5, 1, 313, 0m0.144
6, 8, 1000000, 3, 5, 1, 14, 0m0.007
7, 8, 1000000, 3, 5, 1, 23, 0m0.012
8, 8, 1000000, 3, 5, 1, 25, 0m0.015
9, 8, 1000000, 3, 5, 1, 22, 0m0.013
10, 8, 1000000, 3, 5, 1, 8, 0m0.005
0, 8, 1000000, 3, 10, 1, 9, 0m0.006
1, 8, 1000000, 3, 10, 1, 22, 0m0.012
2, 8, 1000000, 3, 10, 1, 24, 0m0.017
3, 8, 1000000, 3, 10, 1, 8, 0m0.009
4, 8, 1000000, 3, 10, 1, 29, 0m0.015
5, 8, 1000000, 3, 10, 1, 25, 0m0.019
6, 8, 1000000, 3, 10, 1, 39, 0m0.024
7, 8, 1000000, 3, 10, 1, 29, 0m0.022
8, 8, 1000000, 3, 10, 1, 16, 0m0.019
9, 8, 1000000, 3, 10, 1, 26, 0m0.021
10, 8, 1000000, 3, 10, 1, 50, 0m0.026
0, 16, 1000000, 1, 1, 1, 22723, 0m11.009
1, 16, 1000000, 1, 1, 1, 4309, 0m1.998
2, 16, 1000000, 1, 1, 1, 11793, 0m5.059
3, 16, 1000000, 1, 1, 1, 1269, 0m0.546
4, 16, 1000000, 1, 1, 1, 18230, 0m7.687
5, 16, 1000000, 1, 1, 1, 1933, 0m0.768
6, 16, 1000000, 1, 1, 1, 2237, 0m0.921
7, 16, 1000000, 1, 1, 1, 19531, 0m8.169
8, 16, 1000000, 1, 1, 1, 5776, 0m2.489
9, 16, 1000000, 1, 1, 1, 2517, 0m1.199
10, 16, 1000000, 1, 1, 1, 24242, 0m12.084
0, 16, 1000000, 1, 2, 1, 97, 0m0.028
1, 16, 1000000, 1, 2, 1, 6618, 0m1.686
2, 16, 1000000, 1, 2, 1, 11150, 0m2.926
3, 16, 1000000, 1, 2, 1, 11783, 0m3.184
4, 16, 1000000, 1, 2, 1, 759, 0m0.219
5, 16, 1000000, 1, 2, 1, 16456, 0m4.541
6, 16, 1000000, 1, 2, 1, 1414, 0m0.369
7, 16, 1000000, 1, 2, 1, 1645, 0m0.412
8, 16, 1000000, 1, 2, 1, 52550, 0m13.968
9, 16, 1000000, 1, 2, 1, 13182, 0m3.599
10, 16, 1000000, 1, 2, 1, 3180, 0m0.849
0, 16, 1000000, 1, 5, 1, 7661, 0m1.441
1, 16, 1000000, 1, 5, 1, 3545, 0m0.676
2, 16, 1000000, 1, 5, 1, 39692, 0m7.528
3, 16, 1000000, 1, 5, 1, 7605, 0m1.420
4, 16, 1000000, 1, 5, 1, 3587, 0m0.680
5, 16, 1000000, 1, 5, 1, 2712, 0m0.514
6, 16, 1000000, 1, 5, 1, 13651, 0m2.590
7, 16, 1000000, 1, 5, 1, 9194, 0m1.768
8, 16, 1000000, 1, 5, 1, 18800, 0m3.578
9, 16, 1000000, 1, 5, 0, 1000000, 3m9.112
10, 16, 1000000, 1, 5, 1, 3007, 0m0.580
0, 16, 1000000, 1, 10, 1, 1429, 0m0.305
1, 16, 1000000, 1, 10, 1, 2089, 0m0.424
2, 16, 1000000, 1, 10, 1, 2590, 0m0.504
3, 16, 1000000, 1, 10, 1, 4543, 0m0.817
4, 16, 1000000, 1, 10, 1, 1203, 0m0.217
5, 16, 1000000, 1, 10, 1, 7944, 0m1.435
6, 16, 1000000, 1, 10, 1, 2072, 0m0.372
7, 16, 1000000, 1, 10, 1, 13401, 0m2.395
8, 16, 1000000, 1, 10, 1, 296, 0m0.061
9, 16, 1000000, 1, 10, 1, 21822, 0m3.936
10, 16, 1000000, 1, 10, 1, 3761, 0m0.678
0, 16, 1000000, 2, 1, 1, 264, 0m0.169
1, 16, 1000000, 2, 1, 1, 3105, 0m2.044
2, 16, 1000000, 2, 1, 1, 1400, 0m0.908
3, 16, 1000000, 2, 1, 1, 1666, 0m1.037
4, 16, 1000000, 2, 1, 1, 590, 0m0.382
5, 16, 1000000, 2, 1, 1, 9241, 0m6.267
6, 16, 1000000, 2, 1, 1, 410, 0m0.283
7, 16, 1000000, 2, 1, 1, 308, 0m0.211
8, 16, 1000000, 2, 1, 1, 80, 0m0.050
9, 16, 1000000, 2, 1, 1, 101, 0m0.059
10, 16, 1000000, 2, 1, 1, 795, 0m0.522
0, 16, 1000000, 2, 2, 1, 54198, 0m25.175
1, 16, 1000000, 2, 2, 1, 139, 0m0.068
2, 16, 1000000, 2, 2, 1, 2053, 0m0.949
3, 16, 1000000, 2, 2, 1, 286, 0m0.138
4, 16, 1000000, 2, 2, 1, 7721, 0m3.690
5, 16, 1000000, 2, 2, 1, 3795, 0m1.752
6, 16, 1000000, 2, 2, 1, 1223, 0m0.588
7, 16, 1000000, 2, 2, 1, 98, 0m0.047
8, 16, 1000000, 2, 2, 1, 83, 0m0.040
9, 16, 1000000, 2, 2, 1, 1395, 0m0.673
10, 16, 1000000, 2, 2, 1, 152, 0m0.071
0, 16, 1000000, 2, 5, 1, 2085, 0m0.882
1, 16, 1000000, 2, 5, 1, 71, 0m0.032
2, 16, 1000000, 2, 5, 1, 1185, 0m0.501
3, 16, 1000000, 2, 5, 1, 1021, 0m0.433
4, 16, 1000000, 2, 5, 1, 2348, 0m1.002
5, 16, 1000000, 2, 5, 1, 1371, 0m0.572
6, 16, 1000000, 2, 5, 1, 1215, 0m0.517
7, 16, 1000000, 2, 5, 1, 345, 0m0.147
8, 16, 1000000, 2, 5, 1, 1539, 0m0.643
9, 16, 1000000, 2, 5, 1, 74, 0m0.033
10, 16, 1000000, 2, 5, 1, 231, 0m0.097
0, 16, 1000000, 2, 10, 1, 6657, 0m2.576
1, 16, 1000000, 2, 10, 1, 493, 0m0.191
2, 16, 1000000, 2, 10, 1, 4002, 0m1.569
3, 16, 1000000, 2, 10, 1, 1196, 0m0.467
4, 16, 1000000, 2, 10, 1, 252, 0m0.099
5, 16, 1000000, 2, 10, 1, 59, 0m0.024
6, 16, 1000000, 2, 10, 1, 132, 0m0.061
7, 16, 1000000, 2, 10, 1, 2144, 0m0.857
8, 16, 1000000, 2, 10, 1, 2142, 0m0.826
9, 16, 1000000, 2, 10, 1, 1315, 0m0.519
10, 16, 1000000, 2, 10, 1, 4763, 0m1.855
0, 16, 1000000, 3, 1, 1, 139, 0m0.128
1, 16, 1000000, 3, 1, 1, 1389, 0m1.344
2, 16, 1000000, 3, 1, 1, 225, 0m0.243
3, 16, 1000000, 3, 1, 1, 310, 0m0.318
4, 16, 1000000, 3, 1, 1, 179, 0m0.192
5, 16, 1000000, 3, 1, 1, 892, 0m0.752
6, 16, 1000000, 3, 1, 1, 549, 0m0.565
7, 16, 1000000, 3, 1, 1, 388, 0m0.379
8, 16, 1000000, 3, 1, 1, 2715, 0m2.640
9, 16, 1000000, 3, 1, 1, 466, 0m0.439
10, 16, 1000000, 3, 1, 1, 145, 0m0.144
0, 16, 1000000, 3, 2, 1, 426, 0m0.284
1, 16, 1000000, 3, 2, 1, 138, 0m0.104
2, 16, 1000000, 3, 2, 1, 138, 0m0.097
3, 16, 1000000, 3, 2, 1, 377, 0m0.251
4, 16, 1000000, 3, 2, 1, 7254, 0m4.940
5, 16, 1000000, 3, 2, 1, 143, 0m0.107
6, 16, 1000000, 3, 2, 1, 249, 0m0.187
7, 16, 1000000, 3, 2, 1, 479, 0m0.335
8, 16, 1000000, 3, 2, 1, 96, 0m0.088
9, 16, 1000000, 3, 2, 1, 160, 0m0.111
10, 16, 1000000, 3, 2, 1, 101, 0m0.067
0, 16, 1000000, 3, 5, 1, 1531, 0m1.134
1, 16, 1000000, 3, 5, 1, 78, 0m0.062
2, 16, 1000000, 3, 5, 1, 233, 0m0.169
3, 16, 1000000, 3, 5, 1, 380, 0m0.272
4, 16, 1000000, 3, 5, 1, 313, 0m0.223
5, 16, 1000000, 3, 5, 1, 5613, 0m4.056
6, 16, 1000000, 3, 5, 1, 1639, 0m1.222
7, 16, 1000000, 3, 5, 1, 735, 0m0.525
8, 16, 1000000, 3, 5, 1, 118, 0m0.083
9, 16, 1000000, 3, 5, 1, 1528, 0m1.128
10, 16, 1000000, 3, 5, 1, 171, 0m0.126
0, 16, 1000000, 3, 10, 1, 387, 0m0.265
1, 16, 1000000, 3, 10, 1, 1063, 0m0.712
2, 16, 1000000, 3, 10, 1, 169, 0m0.121
3, 16, 1000000, 3, 10, 1, 480, 0m0.319
4, 16, 1000000, 3, 10, 1, 2067, 0m1.360
5, 16, 1000000, 3, 10, 1, 175, 0m0.118
6, 16, 1000000, 3, 10, 1, 1297, 0m0.867
7, 16, 1000000, 3, 10, 1, 56, 0m0.043
8, 16, 1000000, 3, 10, 1, 902, 0m0.581
9, 16, 1000000, 3, 10, 1, 256, 0m0.188
10, 16, 1000000, 3, 10, 1, 456, 0m0.320
0, 32, 1000000, 1, 1, 1, 7478, 0m10.014
1, 32, 1000000, 1, 1, 1, 3128, 0m3.690
2, 32, 1000000, 1, 1, 1, 11286, 0m16.092
3, 32, 1000000, 1, 1, 1, 10976, 0m15.423
4, 32, 1000000, 1, 1, 1, 31878, 0m42.026
5, 32, 1000000, 1, 1, 1, 4837, 0m6.739
6, 32, 1000000, 1, 1, 1, 38063, 0m53.594
7, 32, 1000000, 1, 1, 1, 31780, 0m43.003
8, 32, 1000000, 1, 1, 1, 17819, 0m22.604
9, 32, 1000000, 1, 1, 1, 7153, 0m9.625
10, 32, 1000000, 1, 1, 1, 8839, 0m12.333
0, 32, 1000000, 1, 2, 1, 7664, 0m5.456
1, 32, 1000000, 1, 2, 1, 50304, 0m35.081
2, 32, 1000000, 1, 2, 1, 57944, 0m42.556
3, 32, 1000000, 1, 2, 1, 11536, 0m9.018
4, 32, 1000000, 1, 2, 1, 8690, 0m6.456
5, 32, 1000000, 1, 2, 1, 8205, 0m5.926
6, 32, 1000000, 1, 2, 1, 18801, 0m14.261
7, 32, 1000000, 1, 2, 1, 7787, 0m5.421
8, 32, 1000000, 1, 2, 1, 29028, 0m21.926
9, 32, 1000000, 1, 2, 1, 24773, 0m19.050
10, 32, 1000000, 1, 2, 1, 32741, 0m24.168
0, 32, 1000000, 1, 5, 1, 5823, 0m2.669
1, 32, 1000000, 1, 5, 1, 10071, 0m4.599
2, 32, 1000000, 1, 5, 1, 16902, 0m7.692
3, 32, 1000000, 1, 5, 1, 15996, 0m7.297
4, 32, 1000000, 1, 5, 1, 5310, 0m2.430
5, 32, 1000000, 1, 5, 1, 15767, 0m7.174
6, 32, 1000000, 1, 5, 1, 2125, 0m0.963
7, 32, 1000000, 1, 5, 1, 12577, 0m5.707
8, 32, 1000000, 1, 5, 1, 7005, 0m3.193
9, 32, 1000000, 1, 5, 1, 13479, 0m6.145
10, 32, 1000000, 1, 5, 1, 18406, 0m8.418
0, 32, 1000000, 1, 10, 1, 2905, 0m1.250
1, 32, 1000000, 1, 10, 1, 10551, 0m4.528
2, 32, 1000000, 1, 10, 1, 21369, 0m9.176
3, 32, 1000000, 1, 10, 1, 2636, 0m1.125
4, 32, 1000000, 1, 10, 1, 18679, 0m8.013
5, 32, 1000000, 1, 10, 1, 5348, 0m2.276
6, 32, 1000000, 1, 10, 1, 13273, 0m5.631
7, 32, 1000000, 1, 10, 1, 4626, 0m1.992
8, 32, 1000000, 1, 10, 1, 16487, 0m6.949
9, 32, 1000000, 1, 10, 1, 11604, 0m4.970
10, 32, 1000000, 1, 10, 1, 45690, 0m19.387
0, 32, 1000000, 2, 1, 1, 3832, 0m7.212
1, 32, 1000000, 2, 1, 1, 1208, 0m2.186
2, 32, 1000000, 2, 1, 1, 918, 0m1.791
3, 32, 1000000, 2, 1, 1, 1475, 0m2.679
4, 32, 1000000, 2, 1, 1, 3130, 0m5.692
5, 32, 1000000, 2, 1, 1, 1513, 0m3.063
6, 32, 1000000, 2, 1, 1, 1922, 0m3.724
7, 32, 1000000, 2, 1, 1, 1028, 0m1.902
8, 32, 1000000, 2, 1, 1, 2663, 0m4.479
9, 32, 1000000, 2, 1, 1, 947, 0m1.904
10, 32, 1000000, 2, 1, 1, 418, 0m0.722
0, 32, 1000000, 2, 2, 1, 1773, 0m2.114
1, 32, 1000000, 2, 2, 1, 8732, 0m10.248
2, 32, 1000000, 2, 2, 1, 1756, 0m2.103
3, 32, 1000000, 2, 2, 1, 1534, 0m1.836
4, 32, 1000000, 2, 2, 1, 1840, 0m2.201
5, 32, 1000000, 2, 2, 1, 1591, 0m1.954
6, 32, 1000000, 2, 2, 1, 523, 0m0.606
7, 32, 1000000, 2, 2, 1, 2625, 0m3.150
8, 32, 1000000, 2, 2, 1, 2695, 0m3.173
9, 32, 1000000, 2, 2, 1, 1085, 0m1.289
10, 32, 1000000, 2, 2, 1, 7117, 0m8.486
0, 32, 1000000, 2, 5, 1, 7885, 0m8.004
1, 32, 1000000, 2, 5, 1, 1600, 0m1.616
2, 32, 1000000, 2, 5, 1, 1851, 0m1.848
3, 32, 1000000, 2, 5, 1, 5949, 0m5.958
4, 32, 1000000, 2, 5, 1, 2883, 0m2.887
5, 32, 1000000, 2, 5, 1, 6701, 0m6.836
6, 32, 1000000, 2, 5, 1, 4892, 0m4.938
7, 32, 1000000, 2, 5, 1, 1758, 0m1.805
8, 32, 1000000, 2, 5, 1, 1186, 0m1.205
9, 32, 1000000, 2, 5, 1, 470, 0m0.476
10, 32, 1000000, 2, 5, 1, 2414, 0m2.454
0, 32, 1000000, 2, 10, 1, 6627, 0m6.250
1, 32, 1000000, 2, 10, 1, 1118, 0m1.068
2, 32, 1000000, 2, 10, 1, 1182, 0m1.110
3, 32, 1000000, 2, 10, 1, 3372, 0m3.266
4, 32, 1000000, 2, 10, 1, 1667, 0m1.587
5, 32, 1000000, 2, 10, 1, 2631, 0m2.698
6, 32, 1000000, 2, 10, 1, 1778, 0m1.831
7, 32, 1000000, 2, 10, 1, 2668, 0m2.666
8, 32, 1000000, 2, 10, 1, 486, 0m0.511
9, 32, 1000000, 2, 10, 1, 2857, 0m2.757
10, 32, 1000000, 2, 10, 1, 1926, 0m1.998
0, 32, 1000000, 3, 1, 1, 348, 0m0.858
1, 32, 1000000, 3, 1, 1, 966, 0m2.357
2, 32, 1000000, 3, 1, 1, 1420, 0m3.479
3, 32, 1000000, 3, 1, 1, 949, 0m2.285
4, 32, 1000000, 3, 1, 1, 373, 0m1.032
5, 32, 1000000, 3, 1, 1, 1075, 0m2.850
6, 32, 1000000, 3, 1, 1, 940, 0m2.304
7, 32, 1000000, 3, 1, 1, 2029, 0m4.942
8, 32, 1000000, 3, 1, 1, 766, 0m1.983
9, 32, 1000000, 3, 1, 1, 751, 0m1.928
10, 32, 1000000, 3, 1, 1, 635, 0m1.633
0, 32, 1000000, 3, 2, 1, 1945, 0m3.254
1, 32, 1000000, 3, 2, 1, 560, 0m0.939
2, 32, 1000000, 3, 2, 1, 714, 0m1.223
3, 32, 1000000, 3, 2, 1, 2203, 0m3.660
4, 32, 1000000, 3, 2, 1, 664, 0m1.126
5, 32, 1000000, 3, 2, 1, 2476, 0m4.067
6, 32, 1000000, 3, 2, 1, 1041, 0m1.736
7, 32, 1000000, 3, 2, 1, 1133, 0m1.860
8, 32, 1000000, 3, 2, 1, 1774, 0m2.907
9, 32, 1000000, 3, 2, 1, 2289, 0m3.776
10, 32, 1000000, 3, 2, 1, 790, 0m1.328
0, 32, 1000000, 3, 5, 1, 1053, 0m1.725
1, 32, 1000000, 3, 5, 1, 3336, 0m5.427
2, 32, 1000000, 3, 5, 1, 3100, 0m4.940
3, 32, 1000000, 3, 5, 1, 1593, 0m2.544
4, 32, 1000000, 3, 5, 1, 983, 0m1.576
5, 32, 1000000, 3, 5, 1, 2284, 0m3.656
6, 32, 1000000, 3, 5, 1, 2168, 0m3.441
7, 32, 1000000, 3, 5, 1, 404, 0m0.668
8, 32, 1000000, 3, 5, 1, 797, 0m1.291
9, 32, 1000000, 3, 5, 1, 1154, 0m1.860
10, 32, 1000000, 3, 5, 1, 874, 0m1.442
0, 32, 1000000, 3, 10, 1, 1450, 0m2.299
1, 32, 1000000, 3, 10, 1, 1407, 0m2.241
2, 32, 1000000, 3, 10, 1, 552, 0m0.907
3, 32, 1000000, 3, 10, 1, 1896, 0m2.997
4, 32, 1000000, 3, 10, 1, 2064, 0m3.284
5, 32, 1000000, 3, 10, 1, 2578, 0m4.134
6, 32, 1000000, 3, 10, 1, 1865, 0m3.014
7, 32, 1000000, 3, 10, 1, 998, 0m1.569
8, 32, 1000000, 3, 10, 1, 1876, 0m2.958
9, 32, 1000000, 3, 10, 1, 1301, 0m2.055
10, 32, 1000000, 3, 10, 1, 1259, 0m2.027
